doctor_id,doctor_name,specialty,branch
D0001,Dr. Peter Balogun,Orthopedics,Kano Care
D0002,Dr. Esther Usman,Pediatrics,Lagos Central
D0003,Dr. Ada Okafor,Orthopedics,Abuja North
D0004,Dr. Chinedu Uche,Emergency Medicine,Abuja North
D0005,Dr. Ibrahim Sani,Cardiology,Unknown
D0006,Dr. Blessing Bello,Pediatrics,Lagos Central
D0007,Dr. Grace Ojo,Unknown,Port Harcourt Main
D0008,Dr. Tunde Sani,Pediatrics,Kano Care
D0009,Dr. Musa Nwosu,Orthopedics,Abuja North
D0010,Dr. Sarah Ojo,Radiology,Ibadan West
D0011,Dr. Ngozi Adewale,Emergency Medicine,Kano Care
D0012,Dr. Chinedu Ibrahim,Cardiology,Kano Care
D0013,Dr. Bola Ojo,Radiology,Enugu East
D0014,Dr. John Onyeka,Neurology,Lagos Central
D0015,Dr. Mary Eze,General Medicine,Lagos Central
D0016,Dr. Ngozi Garba,Dermatology,Abuja North
D0017,Dr. Mary Ojo,Dermatology,Port Harcourt Main
D0018,Dr. Victor Eze,Pediatrics,Abuja North
D0019,Dr. Ngozi Ogunleye,Orthopedics,Ibadan West
D0020,Dr. Amaka Chukwu,Unknown,Kano Care
D0021,Dr. Abdul Musa,Radiology,Ibadan West
D0022,Dr. Amaka Usman,Orthopedics,Lagos Central
D0023,Dr. Ibrahim Garba,General Medicine,Abuja North
D0024,Dr. Sarah Bello,Pediatrics,Unknown
D0025,Dr. Kemi Musa,Dermatology,Kano Care
D0026,Dr. Mary Ojo,Orthopedics,Port Harcourt Main
D0027,Dr. Chinedu Adeyemi,Family Medicine,Abuja North
D0028,Dr. Musa Nwosu,Radiology,Lagos Central
D0029,Dr. Fatima Nwosu,Cardiology,Abuja North
D0030,Dr. Chinedu Usman,General Medicine,Unknown
D0031,Dr. Blessing Adewale,Emergency Medicine,Unknown
D0032,Dr. David Ojo,Cardiology,Unknown
D0033,Dr. John Ogunleye,Orthopedics,Port Harcourt Main
D0034,Dr. Ngozi Garba,Pediatrics,Kano Care
D0035,Dr. Fatima Bello,Unknown,Enugu East
D0036,Dr. Ada Sani,Emergency Medicine,Kano Care
D0037,Dr. Samuel Okafor,General Medicine,Unknown
D0038,Dr. Chinedu Adewale,Neurology,Unknown
D0039,Dr. Mary Chukwu,Cardiology,Lagos Central
D0040,Dr. John Ibrahim,Cardiology,Abuja North
D0041,Dr. Ada Onyeka,Cardiology,Port Harcourt Main
D0042,Dr. Victor Sani,Pediatrics,Lagos Central
D0043,Dr. Chinedu Abubakar,Neurology,Ibadan West
D0044,Dr. Kemi Afolabi,General Medicine,Ibadan West
D0045,Dr. John Chukwu,Dermatology,Enugu East
D0046,Dr. Samuel Okafor,Orthopedics,Ibadan West
D0047,Dr. Hannah Eze,Orthopedics,Unknown
D0048,Dr. Victor Onyeka,General Medicine,Lagos Central
D0049,Dr. John Balogun,Pediatrics,Unknown
D0050,Dr. Tolu Johnson,Pediatrics,Port Harcourt Main
D0051,Dr. David Okafor,Dermatology,Lagos Central
D0052,Dr. Sarah Abubakar,Cardiology,Enugu East
D0053,Dr. Blessing Garba,Orthopedics,Ibadan West
D0054,Dr. Hannah Garba,Unknown,Unknown
D0055,Dr. Daniel Ogunleye,Unknown,Port Harcourt Main
D0056,Dr. Samuel Ibrahim,General Medicine,Ibadan West
D0057,Dr. Musa Musa,Pediatrics,Port Harcourt Main
D0058,Dr. Grace Ojo,Radiology,Port Harcourt Main
D0059,Dr. Ngozi Johnson,Emergency Medicine,Port Harcourt Main
D0060,Dr. Sarah Onyeka,Dermatology,Port Harcourt Main
D0061,Dr. Ibrahim Eze,Cardiology,Unknown
D0062,Dr. Daniel Usman,Unknown,Unknown
D0063,Dr. Ada Bello,General Medicine,Unknown
D0064,Dr. Mary Abubakar,Unknown,Abuja North
D0065,Dr. Sarah Usman,General Medicine,Kano Care
D0066,Dr. Samuel Garba,Dermatology,Unknown
D0067,Dr. Mercy Ibrahim,Family Medicine,Port Harcourt Main
D0068,Dr. Tolu Balogun,Dermatology,Enugu East
D0069,Dr. Ada Adewale,Orthopedics,Unknown
D0070,Dr. Samuel Balogun,Family Medicine,Lagos Central
D0071,Dr. Fatima Ibrahim,Dermatology,Unknown
D0072,Dr. Hannah Onyeka,Cardiology,Unknown
D0073,Dr. Bola Ogunleye,General Medicine,Port Harcourt Main
D0074,Dr. Musa Bello,Unknown,Port Harcourt Main
D0075,Dr. Abdul Johnson,General Medicine,Kano Care
D0076,Dr. Daniel Chukwu,Unknown,Kano Care
D0077,Dr. Kemi Uche,Cardiology,Kano Care
D0078,Dr. Peter Musa,Unknown,Abuja North
D0079,Dr. David Balogun,Obstetrics,Abuja North
D0080,Dr. Victor Ojo,General Medicine,Abuja North
D0081,Dr. Mary Balogun,Cardiology,Unknown
D0082,Dr. Blessing Adeyemi,Dermatology,Abuja North
D0083,Dr. Peter Nwosu,Dermatology,Lagos Central
D0084,Dr. Zainab Johnson,General Medicine,Lagos Central
D0085,Dr. Abdul Ojo,General Medicine,Enugu East
D0086,Dr. Sarah Abubakar,General Medicine,Port Harcourt Main
D0087,Dr. Michael Chukwu,Emergency Medicine,Unknown
D0088,Dr. Ada Adewale,Dermatology,Port Harcourt Main
D0089,Dr. Hannah Johnson,Unknown,Lagos Central
D0090,Dr. Kemi Ogunleye,Family Medicine,Enugu East
D0091,Dr. Tunde Ogunleye,Unknown,Unknown
D0092,Dr. Yusuf Okafor,Family Medicine,Enugu East
D0093,Dr. Ibrahim Adeyemi,Family Medicine,Enugu East
D0094,Dr. Kemi Sani,Cardiology,Lagos Central
D0095,Dr. Mercy Eze,Dermatology,Port Harcourt Main
D0096,Dr. Abdul Ogunleye,Unknown,Lagos Central
D0097,Dr. Zainab Garba,Cardiology,Lagos Central
D0098,Dr. Blessing Uche,Unknown,Lagos Central
D0099,Dr. Michael Okafor,Pediatrics,Abuja North
D0100,Dr. Aisha Onyeka,Unknown,Port Harcourt Main
D0101,Dr. Ibrahim Eze,Orthopedics,Unknown
D0102,Dr. Fatima Abubakar,Pediatrics,Lagos Central
D0103,Dr. Michael Sani,Obstetrics,Abuja North
D0104,Dr. Abdul Usman,Unknown,Port Harcourt Main
D0105,Dr. Tolu Onyeka,General Medicine,Abuja North
D0106,Dr. Mary Onyeka,Radiology,Unknown
D0107,Dr. Aisha Bello,Radiology,Port Harcourt Main
D0108,Dr. Mary Eze,Cardiology,Lagos Central
D0109,Dr. Victor Ogunleye,Obstetrics,Ibadan West
D0110,Dr. Sarah Usman,Cardiology,Port Harcourt Main
D0111,Dr. Hannah Adewale,Obstetrics,Port Harcourt Main
D0112,Dr. Tolu Chukwu,Pediatrics,Port Harcourt Main
D0113,Dr. Tolu Sani,Family Medicine,Kano Care
D0114,Dr. Daniel Garba,Dermatology,Abuja North
D0115,Dr. Zainab Afolabi,Emergency Medicine,Port Harcourt Main
D0116,Dr. Ada Adewale,Family Medicine,Port Harcourt Main
D0117,Dr. Bola Bello,Neurology,Lagos Central
D0118,Dr. Zainab Balogun,Orthopedics,Lagos Central
D0119,Dr. Blessing Nwosu,Emergency Medicine,Abuja North
D0120,Dr. Esther Adeyemi,Neurology,Abuja North
D0121,Dr. Victor Usman,Orthopedics,Unknown
D0122,Dr. Mercy Ibrahim,Unknown,Abuja North
D0123,Dr. Yusuf Balogun,Neurology,Kano Care
D0124,Dr. Emeka Garba,Pediatrics,Kano Care
D0125,Dr. Hannah Nwosu,Radiology,Unknown
D0126,Dr. Victor Ibrahim,General Medicine,Enugu East
D0127,Dr. Mercy Usman,Orthopedics,Ibadan West
D0128,Dr. Victor Nwosu,Orthopedics,Unknown
D0129,Dr. Emeka Uche,Pediatrics,Kano Care
D0130,Dr. Michael Uche,Dermatology,Unknown
D0131,Dr. Mercy Garba,Dermatology,Unknown
D0132,Dr. Tolu Eze,Orthopedics,Ibadan West
D0133,Dr. Abdul Johnson,Unknown,Port Harcourt Main
D0134,Dr. Grace Okafor,Radiology,Ibadan West
D0135,Dr. Amaka Adeyemi,Cardiology,Lagos Central
D0136,Dr. Abdul Bello,Dermatology,Abuja North
D0137,Dr. Hannah Balogun,Unknown,Enugu East
D0138,Dr. Amaka Garba,Emergency Medicine,Enugu East
D0139,Dr. Ibrahim Uche,General Medicine,Unknown
D0140,Dr. Michael Chukwu,Cardiology,Abuja North
D0141,Dr. Musa Afolabi,General Medicine,Lagos Central
D0142,Dr. Peter Onyeka,Orthopedics,Lagos Central
D0143,Dr. Esther Ojo,Emergency Medicine,Unknown
D0144,Dr. Samuel Sani,Dermatology,Ibadan West
D0145,Dr. Grace Chukwu,Dermatology,Abuja North
D0146,Dr. Samuel Usman,Emergency Medicine,Kano Care
D0147,Dr. Grace Okafor,Orthopedics,Abuja North
D0148,Dr. Abdul Garba,Emergency Medicine,Abuja North
D0149,Dr. Bola Musa,Orthopedics,Lagos Central
D0150,Dr. Fatima Ibrahim,Pediatrics,Unknown
D0151,Dr. Musa Onyeka,General Medicine,Enugu East
D0152,Dr. Zainab Onyeka,Obstetrics,Ibadan West
D0153,Dr. Ibrahim Adeyemi,Pediatrics,Unknown
D0154,Dr. Samuel Ogunleye,Neurology,Unknown
D0155,Dr. Musa Ojo,Dermatology,Ibadan West
D0156,Dr. Grace Ojo,Cardiology,Kano Care
D0157,Dr. David Ogunleye,Dermatology,Lagos Central
D0158,Dr. Emeka Okafor,Unknown,Unknown
D0159,Dr. Aisha Ojo,Cardiology,Port Harcourt Main
D0160,Dr. David Sani,Emergency Medicine,Enugu East
D0161,Dr. Daniel Balogun,Dermatology,Enugu East
D0162,Dr. Victor Sani,Orthopedics,Abuja North
D0163,Dr. John Eze,Dermatology,Abuja North
D0164,Dr. Tunde Balogun,Unknown,Ibadan West
D0165,Dr. Mary Balogun,General Medicine,Unknown
D0166,Dr. Amaka Ojo,Cardiology,Abuja North
D0167,Dr. Fatima Okafor,General Medicine,Unknown
D0168,Dr. Michael Johnson,Orthopedics,Abuja North
D0169,Dr. Emeka Adeyemi,Family Medicine,Enugu East
D0170,Dr. Mercy Ogunleye,Dermatology,Kano Care
D0171,Dr. Daniel Abubakar,Orthopedics,Lagos Central
D0172,Dr. Blessing Abubakar,Orthopedics,Abuja North
D0173,Dr. Blessing Abubakar,Neurology,Lagos Central
D0174,Dr. Zainab Usman,Cardiology,Port Harcourt Main
D0175,Dr. Fatima Ogunleye,Dermatology,Enugu East
D0176,Dr. Ibrahim Garba,Orthopedics,Kano Care
D0177,Dr. Daniel Ibrahim,Orthopedics,Lagos Central
D0178,Dr. Daniel Johnson,Obstetrics,Lagos Central
D0179,Dr. Esther Ojo,Orthopedics,Abuja North
D0180,Dr. Ada Ibrahim,General Medicine,Enugu East
D0181,Dr. Peter Usman,Cardiology,Lagos Central
D0182,Dr. Sarah Adewale,Pediatrics,Abuja North
D0183,Dr. Grace Bello,Pediatrics,Lagos Central
D0184,Dr. Daniel Sani,Neurology,Ibadan West
D0185,Dr. Kemi Ogunleye,Obstetrics,Ibadan West
D0186,Dr. John Onyeka,Family Medicine,Unknown
D0187,Dr. Bola Ibrahim,Dermatology,Enugu East
D0188,Dr. Amaka Okafor,Family Medicine,Ibadan West
D0189,Dr. David Musa,Obstetrics,Lagos Central
D0190,Dr. David Nwosu,Emergency Medicine,Lagos Central
D0191,Dr. Ada Garba,General Medicine,Abuja North
D0192,Dr. Sarah Adewale,Cardiology,Kano Care
D0193,Dr. Aisha Bello,Family Medicine,Port Harcourt Main
D0194,Dr. Musa Okafor,Dermatology,Lagos Central
D0195,Dr. Victor Abubakar,Pediatrics,Enugu East
D0196,Dr. Ada Abubakar,Dermatology,Ibadan West
D1501,Dr. Michael Abubakar,Unknown,Enugu East
D0198,Dr. Bola Balogun,Cardiology,Lagos Central
D0199,Dr. Sarah Adeyemi,Dermatology,Lagos Central
D0200,Dr. Michael Nwosu,Orthopedics,Lagos Central
D0201,Dr. Esther Johnson,Orthopedics,Lagos Central
D0202,Dr. Yusuf Nwosu,Dermatology,Port Harcourt Main
D0203,Dr. Ibrahim Sani,Obstetrics,Ibadan West
D0204,Dr. Hannah Uche,Pediatrics,Abuja North
D0205,Dr. Esther Adeyemi,Unknown,Abuja North
D0206,Dr. Daniel Afolabi,Cardiology,Lagos Central
D0207,Dr. Kemi Sani,Obstetrics,Unknown
D0208,Dr. Fatima Adewale,Pediatrics,Lagos Central
D0209,Dr. Abdul Onyeka,Pediatrics,Lagos Central
D0210,Dr. Victor Adeyemi,Pediatrics,Abuja North
D0211,Dr. Sarah Ogunleye,Pediatrics,Kano Care
D0212,Dr. Esther Ojo,Emergency Medicine,Kano Care
D0213,Dr. Mary Afolabi,Family Medicine,Enugu East
D0214,Dr. Yusuf Johnson,General Medicine,Unknown
D0215,Dr. Chinedu Onyeka,Unknown,Lagos Central
D1502,Dr. Ngozi Onyeka,Emergency Medicine,Lagos Central
D0217,Dr. Grace Adewale,General Medicine,Lagos Central
D0218,Dr. David Eze,Neurology,Lagos Central
D0219,Dr. John Johnson,Pediatrics,Abuja North
D0220,Dr. Tunde Adeyemi,General Medicine,Abuja North
D0221,Dr. John Sani,Obstetrics,Lagos Central
D0222,Dr. Yusuf Adewale,Pediatrics,Unknown
D1503,Dr. Samuel Uche,Pediatrics,Unknown
D0224,Dr. Daniel Okafor,Radiology,Port Harcourt Main
D0225,Dr. Amaka Afolabi,Unknown,Lagos Central
D0226,Dr. Kemi Garba,Unknown,Abuja North
D0227,Dr. Mercy Okafor,Orthopedics,Port Harcourt Main
D0228,Dr. Bola Afolabi,Dermatology,Abuja North
D0229,Dr. Sarah Ibrahim,Pediatrics,Kano Care
D0230,Dr. Zainab Adewale,Orthopedics,Ibadan West
D0231,Dr. Esther Ibrahim,Cardiology,Lagos Central
D0232,Dr. Bola Uche,Neurology,Port Harcourt Main
D0233,Dr. Mary Onyeka,Dermatology,Ibadan West
D0234,Dr. Kemi Afolabi,Orthopedics,Kano Care
D0235,Dr. Ada Garba,Neurology,Enugu East
D0236,Dr. Mary Okafor,Dermatology,Lagos Central
D0237,Dr. Daniel Nwosu,Unknown,Lagos Central
D0238,Dr. Esther Ojo,Dermatology,Port Harcourt Main
D0239,Dr. David Musa,Unknown,Kano Care
D0240,Dr. Musa Chukwu,Family Medicine,Abuja North
D0241,Dr. Daniel Sani,General Medicine,Unknown
D0242,Dr. Tolu Balogun,Obstetrics,Enugu East
D0243,Dr. Emeka Sani,Unknown,Abuja North
D0244,Dr. Grace Onyeka,Cardiology,Abuja North
D0245,Dr. Victor Ogunleye,Pediatrics,Kano Care
D0246,Dr. Zainab Uche,Pediatrics,Abuja North
D0247,Dr. Tunde Uche,Dermatology,Unknown
D0248,Dr. Sarah Ogunleye,Obstetrics,Unknown
D0249,Dr. Mary Ogunleye,Obstetrics,Port Harcourt Main
D0250,Dr. Amaka Adeyemi,General Medicine,Unknown
D0251,Dr. Emeka Garba,Unknown,Enugu East
D0252,Dr. Fatima Abubakar,General Medicine,Port Harcourt Main
D0253,Dr. Zainab Eze,Emergency Medicine,Port Harcourt Main
D0254,Dr. Amaka Nwosu,Dermatology,Abuja North
D0255,Dr. Grace Adeyemi,Radiology,Kano Care
D0256,Dr. Ada Onyeka,Obstetrics,Unknown
D0257,Dr. Grace Johnson,Obstetrics,Abuja North
D0258,Dr. Daniel Chukwu,General Medicine,Lagos Central
D0259,Dr. Mercy Abubakar,Emergency Medicine,Unknown
D0260,Dr. Ada Chukwu,Cardiology,Enugu East
D0261,Dr. Ibrahim Ojo,Unknown,Abuja North
D0262,Dr. Michael Uche,Family Medicine,Ibadan West
D0263,Dr. Aisha Johnson,Radiology,Kano Care
D0264,Dr. Esther Ibrahim,Obstetrics,Port Harcourt Main
D0265,Dr. Hannah Bello,General Medicine,Abuja North
D0266,Dr. Kemi Okafor,Orthopedics,Abuja North
D0267,Dr. Grace Okafor,Unknown,Lagos Central
D0268,Dr. Ada Ogunleye,Cardiology,Abuja North
D0269,Dr. Esther Onyeka,Neurology,Unknown
D0270,Dr. Samuel Ogunleye,Dermatology,Lagos Central
D0271,Dr. Tolu Afolabi,Orthopedics,Lagos Central
D0272,Dr. Mercy Garba,General Medicine,Lagos Central
D0273,Dr. Emeka Uche,Obstetrics,Unknown
D0274,Dr. Esther Nwosu,Dermatology,Lagos Central
D0275,Dr. Mercy Bello,Orthopedics,Abuja North
D0276,Dr. Michael Uche,Radiology,Enugu East
D0277,Dr. Samuel Uche,General Medicine,Abuja North
D0278,Dr. Ngozi Garba,Unknown,Port Harcourt Main
D0279,Dr. Peter Sani,Dermatology,Ibadan West
D0280,Dr. David Uche,Orthopedics,Enugu East
D0281,Dr. Chinedu Garba,Unknown,Unknown
D0282,Dr. Aisha Musa,Unknown,Lagos Central
D0283,Dr. Ngozi Ogunleye,Cardiology,Lagos Central
D0284,Dr. Mary Bello,Dermatology,Kano Care
D0285,Dr. Yusuf Eze,Family Medicine,Enugu East
D0286,Dr. Hannah Ibrahim,Neurology,Lagos Central
D0287,Dr. Hannah Eze,Obstetrics,Enugu East
D0288,Dr. Bola Nwosu,Neurology,Port Harcourt Main
D0289,Dr. Abdul Abubakar,General Medicine,Abuja North
D0290,Dr. Yusuf Bello,Obstetrics,Unknown
D0291,Dr. Blessing Abubakar,Pediatrics,Lagos Central
D0292,Dr. Hannah Sani,Emergency Medicine,Abuja North
D0293,Dr. Abdul Okafor,Cardiology,Lagos Central
D0294,Dr. Mary Abubakar,Unknown,Abuja North
D0295,Dr. Mary Chukwu,Cardiology,Abuja North
D0296,Dr. Emeka Ogunleye,Pediatrics,Kano Care
D0297,Dr. Esther Bello,General Medicine,Port Harcourt Main
D0298,Dr. Grace Balogun,Unknown,Enugu East
D0299,Dr. Emeka Bello,Cardiology,Unknown
D0300,Dr. Ibrahim Usman,Pediatrics,Port Harcourt Main
D0301,Dr. Ada Ibrahim,Radiology,Ibadan West
D0302,Dr. Abdul Ogunleye,Cardiology,Lagos Central
D0303,Dr. David Garba,Pediatrics,Enugu East
D0304,Dr. Peter Usman,General Medicine,Port Harcourt Main
D0305,Dr. Tunde Chukwu,Dermatology,Unknown
D0306,Dr. Kemi Ojo,Cardiology,Enugu East
D0307,Dr. Grace Balogun,Neurology,Abuja North
D0308,Dr. Yusuf Uche,Dermatology,Unknown
D0309,Dr. Blessing Eze,Emergency Medicine,Port Harcourt Main
D0310,Dr. Tunde Balogun,General Medicine,Abuja North
D0311,Dr. Chinedu Garba,Pediatrics,Unknown
D0312,Dr. Sarah Ogunleye,Family Medicine,Port Harcourt Main
D0313,Dr. Zainab Ibrahim,Dermatology,Port Harcourt Main
D0314,Dr. Yusuf Adewale,Family Medicine,Lagos Central
D0315,Dr. David Okafor,Unknown,Unknown
D0316,Dr. Blessing Balogun,Unknown,Port Harcourt Main
D0317,Dr. Musa Afolabi,Family Medicine,Port Harcourt Main
D0318,Dr. Aisha Adeyemi,Neurology,Unknown
D0319,Dr. Tunde Abubakar,Orthopedics,Unknown
D0320,Dr. Ibrahim Sani,Dermatology,Kano Care
D0321,Dr. Samuel Uche,General Medicine,Ibadan West
D0322,Dr. Mercy Johnson,General Medicine,Abuja North
D0323,Dr. Tunde Ogunleye,General Medicine,Port Harcourt Main
D0324,Dr. Chinedu Musa,Neurology,Ibadan West
D0325,Dr. Blessing Eze,General Medicine,Port Harcourt Main
D0326,Dr. David Nwosu,Pediatrics,Abuja North
D0327,Dr. Yusuf Bello,Neurology,Lagos Central
D0328,Dr. David Ibrahim,Emergency Medicine,Port Harcourt Main
D0329,Dr. Fatima Adeyemi,Cardiology,Abuja North
D0330,Dr. Amaka Afolabi,Orthopedics,Unknown
D0331,Dr. Hannah Ogunleye,Unknown,Unknown
D0332,Dr. Bola Usman,Unknown,Kano Care
D0333,Dr. Mary Adeyemi,Unknown,Abuja North
D0334,Dr. Ngozi Johnson,Orthopedics,Unknown
D0335,Dr. Ibrahim Eze,Cardiology,Lagos Central
D0336,Dr. Fatima Ogunleye,Cardiology,Abuja North
D0337,Dr. John Sani,Unknown,Port Harcourt Main
D0338,Dr. Blessing Chukwu,Orthopedics,Enugu East
D0339,Dr. Samuel Eze,Family Medicine,Abuja North
D0340,Dr. Zainab Adeyemi,Radiology,Unknown
D0341,Dr. Grace Ojo,Dermatology,Ibadan West
D0342,Dr. Sarah Adeyemi,Neurology,Ibadan West
D0343,Dr. Tolu Musa,Neurology,Port Harcourt Main
D0344,Dr. Sarah Ogunleye,Radiology,Unknown
D0345,Dr. Esther Eze,Orthopedics,Port Harcourt Main
D0346,Dr. Esther Usman,Unknown,Lagos Central
D0347,Dr. Samuel Eze,Obstetrics,Enugu East
D0348,Dr. Peter Chukwu,Obstetrics,Abuja North
D0349,Dr. Musa Sani,Obstetrics,Abuja North
D0350,Dr. Yusuf Bello,Neurology,Unknown
D0351,Dr. Aisha Ogunleye,Family Medicine,Abuja North
D0352,Dr. Ada Okafor,Unknown,Unknown
D0353,Dr. John Ojo,General Medicine,Port Harcourt Main
D0354,Dr. Tolu Balogun,Pediatrics,Ibadan West
D0355,Dr. Mercy Onyeka,Unknown,Lagos Central
D0356,Dr. Bola Usman,Pediatrics,Ibadan West
D0357,Dr. Tolu Adewale,Cardiology,Abuja North
D0358,Dr. Victor Nwosu,Cardiology,Kano Care
D0359,Dr. Ada Eze,Cardiology,Unknown
D0360,Dr. Ibrahim Ibrahim,Radiology,Lagos Central
D0361,Dr. Ada Ibrahim,Cardiology,Kano Care
D0362,Dr. Tunde Uche,Cardiology,Abuja North
D0363,Dr. Hannah Musa,Dermatology,Abuja North
D0364,Dr. Blessing Ibrahim,Obstetrics,Lagos Central
D0365,Dr. Fatima Afolabi,General Medicine,Enugu East
D0366,Dr. Ada Adewale,Unknown,Ibadan West
D0367,Dr. Amaka Johnson,Emergency Medicine,Port Harcourt Main
D0368,Dr. Zainab Ojo,Orthopedics,Lagos Central
D0369,Dr. Bola Ogunleye,Neurology,Ibadan West
D0370,Dr. Esther Adeyemi,Unknown,Abuja North
D0371,Dr. Daniel Bello,Unknown,Unknown
D0372,Dr. Esther Uche,Cardiology,Kano Care
D0373,Dr. Abdul Chukwu,General Medicine,Port Harcourt Main
D0374,Dr. Yusuf Musa,Neurology,Abuja North
D0375,Dr. Ada Ibrahim,Dermatology,Ibadan West
D0376,Dr. Michael Ojo,Radiology,Abuja North
D0377,Dr. Aisha Balogun,Radiology,Ibadan West
D0378,Dr. Tunde Adewale,Unknown,Lagos Central
D0379,Dr. Grace Abubakar,Dermatology,Enugu East
D0380,Dr. Mercy Uche,General Medicine,Lagos Central
D0381,Dr. Fatima Adeyemi,General Medicine,Ibadan West
D0382,Dr. Bola Usman,Cardiology,Abuja North
D0383,Dr. Abdul Okafor,Orthopedics,Abuja North
D0384,Dr. Musa Johnson,Emergency Medicine,Lagos Central
D0385,Dr. Tolu Bello,Orthopedics,Port Harcourt Main
D0386,Dr. Samuel Usman,Unknown,Port Harcourt Main
D0387,Dr. Daniel Ogunleye,Pediatrics,Kano Care
D0388,Dr. Sarah Sani,General Medicine,Ibadan West
D0389,Dr. Abdul Johnson,Emergency Medicine,Ibadan West
D0390,Dr. Esther Balogun,Emergency Medicine,Ibadan West
D0391,Dr. Ada Ogunleye,Orthopedics,Abuja North
D0392,Dr. Mary Usman,Cardiology,Lagos Central
D1504,Dr. Blessing Afolabi,General Medicine,Unknown
D0394,Dr. Blessing Musa,Obstetrics,Enugu East
D0395,Dr. Kemi Ibrahim,Orthopedics,Unknown
D0396,Dr. Blessing Johnson,Unknown,Port Harcourt Main
D0397,Dr. Abdul Johnson,Cardiology,Lagos Central
D0398,Dr. Michael Chukwu,Pediatrics,Abuja North
D0399,Dr. Emeka Bello,Unknown,Port Harcourt Main
D0400,Dr. Peter Chukwu,Unknown,Abuja North
D0401,Dr. Hannah Onyeka,Radiology,Port Harcourt Main
D0402,Dr. Amaka Chukwu,Orthopedics,Ibadan West
D0403,Dr. Victor Adeyemi,Obstetrics,Unknown
D0404,Dr. Daniel Eze,Unknown,Abuja North
D0405,Dr. Fatima Okafor,Dermatology,Unknown
D0406,Dr. Samuel Ibrahim,Unknown,Lagos Central
D0407,Dr. Hannah Garba,Pediatrics,Unknown
D0408,Dr. Ada Chukwu,Obstetrics,Kano Care
D0409,Dr. Tunde Adeyemi,General Medicine,Abuja North
D0410,Dr. Sarah Afolabi,Cardiology,Ibadan West
D0411,Dr. Esther Musa,Unknown,Enugu East
D0412,Dr. Musa Ibrahim,Dermatology,Port Harcourt Main
D0413,Dr. Esther Ibrahim,Pediatrics,Port Harcourt Main
D0414,Dr. Mary Onyeka,Family Medicine,Unknown
D0415,Dr. Chinedu Abubakar,Orthopedics,Abuja North
D0416,Dr. Abdul Uche,General Medicine,Lagos Central
D0417,Dr. Fatima Garba,Dermatology,Abuja North
D0418,Dr. John Johnson,Orthopedics,Unknown
D0419,Dr. Aisha Onyeka,Emergency Medicine,Port Harcourt Main
D0420,Dr. Mary Onyeka,Cardiology,Enugu East
D0421,Dr. Michael Abubakar,Emergency Medicine,Kano Care
D0422,Dr. Hannah Okafor,Unknown,Unknown
D0423,Dr. Abdul Usman,Unknown,Port Harcourt Main
D0424,Dr. Tolu Uche,Neurology,Unknown
D0425,Dr. Bola Johnson,Dermatology,Lagos Central
D0426,Dr. Ada Okafor,Orthopedics,Unknown
D0427,Dr. Abdul Adewale,General Medicine,Unknown
D0428,Dr. Blessing Ojo,Pediatrics,Abuja North
D0429,Dr. Mercy Eze,Dermatology,Abuja North
D0430,Dr. Kemi Ojo,General Medicine,Kano Care
D0431,Dr. Tunde Adewale,Family Medicine,Port Harcourt Main
D0432,Dr. Zainab Usman,Unknown,Lagos Central
D0433,Dr. Samuel Nwosu,Dermatology,Port Harcourt Main
D0434,Dr. Michael Balogun,Unknown,Lagos Central
D0435,Dr. Bola Nwosu,Dermatology,Abuja North
D0436,Dr. Aisha Musa,Dermatology,Port Harcourt Main
D0437,Dr. Daniel Chukwu,Obstetrics,Ibadan West
D0438,Dr. Grace Ibrahim,Cardiology,Kano Care
D0439,Dr. Abdul Balogun,General Medicine,Abuja North
D0440,Dr. Fatima Johnson,Pediatrics,Unknown
D0441,Dr. Zainab Garba,Unknown,Unknown
D0442,Dr. Peter Nwosu,Cardiology,Ibadan West
D0443,Dr. Esther Okafor,Obstetrics,Port Harcourt Main
D0444,Dr. Tunde Chukwu,Unknown,Unknown
D0445,Dr. Sarah Johnson,Neurology,Kano Care
D0446,Dr. Daniel Adewale,Unknown,Abuja North
D0447,Dr. Tunde Ogunleye,Unknown,Lagos Central
D0448,Dr. Michael Balogun,Obstetrics,Abuja North
D0449,Dr. Yusuf Nwosu,Pediatrics,Enugu East
D0450,Dr. Tunde Garba,Neurology,Abuja North
D0451,Dr. Kemi Sani,Unknown,Lagos Central
D0452,Dr. John Abubakar,Orthopedics,Kano Care
D0453,Dr. Chinedu Johnson,Pediatrics,Unknown
D0454,Dr. Amaka Balogun,General Medicine,Ibadan West
D0455,Dr. Emeka Johnson,Orthopedics,Ibadan West
D0456,Dr. Tunde Bello,Emergency Medicine,Abuja North
D0457,Dr. Esther Bello,General Medicine,Unknown
D0458,Dr. David Adewale,Unknown,Abuja North
D0459,Dr. Fatima Afolabi,Radiology,Lagos Central
D0460,Dr. Mercy Okafor,Orthopedics,Port Harcourt Main
D0461,Dr. Aisha Balogun,Dermatology,Abuja North
D0462,Dr. Esther Abubakar,Cardiology,Ibadan West
D0463,Dr. Tolu Nwosu,General Medicine,Lagos Central
D0464,Dr. Tunde Musa,Dermatology,Unknown
D0465,Dr. Ibrahim Sani,Family Medicine,Kano Care
D0466,Dr. Ada Johnson,Pediatrics,Port Harcourt Main
D0467,Dr. Samuel Ibrahim,Orthopedics,Enugu East
D0468,Dr. Tolu Johnson,Orthopedics,Unknown
D0469,Dr. Victor Onyeka,Dermatology,Kano Care
D0470,Dr. Ngozi Sani,Family Medicine,Lagos Central
D0471,Dr. Grace Ogunleye,Cardiology,Port Harcourt Main
D0472,Dr. Kemi Uche,Cardiology,Port Harcourt Main
D0473,Dr. Mary Ogunleye,General Medicine,Unknown
D0474,Dr. Grace Garba,General Medicine,Lagos Central
D0475,Dr. Hannah Ojo,Unknown,Unknown
D0476,Dr. Musa Bello,Orthopedics,Ibadan West
D0477,Dr. Kemi Nwosu,Family Medicine,Port Harcourt Main
D0478,Dr. Kemi Eze,Unknown,Abuja North
D0479,Dr. Amaka Ojo,Emergency Medicine,Unknown
D0480,Dr. Emeka Nwosu,Obstetrics,Lagos Central
D0481,Dr. Blessing Usman,Cardiology,Lagos Central
D0482,Dr. Zainab Adewale,Unknown,Port Harcourt Main
D0483,Dr. Emeka Balogun,Orthopedics,Unknown
D0484,Dr. Daniel Onyeka,Radiology,Abuja North
D0485,Dr. Daniel Uche,Cardiology,Unknown
D0486,Dr. Ngozi Balogun,Pediatrics,Lagos Central
D0487,Dr. Sarah Musa,General Medicine,Kano Care
D0488,Dr. John Chukwu,Cardiology,Kano Care
D0489,Dr. Mercy Onyeka,Dermatology,Lagos Central
D0490,Dr. Aisha Usman,Obstetrics,Port Harcourt Main
D0491,Dr. Yusuf Nwosu,Orthopedics,Unknown
D0492,Dr. David Afolabi,Cardiology,Unknown
D0493,Dr. Peter Musa,Family Medicine,Ibadan West
D0494,Dr. Tunde Afolabi,Radiology,Port Harcourt Main
D0495,Dr. Kemi Okafor,Obstetrics,Unknown
D0496,Dr. Bola Uche,Unknown,Port Harcourt Main
D0497,Dr. Samuel Nwosu,Orthopedics,Port Harcourt Main
D0498,Dr. Sarah Onyeka,Obstetrics,Lagos Central
D0499,Dr. Aisha Ojo,Emergency Medicine,Unknown
D0500,Dr. Zainab Nwosu,Family Medicine,Unknown
D0501,Dr. Bola Onyeka,Cardiology,Abuja North
D0502,Dr. Ada Garba,Neurology,Abuja North
D0503,Dr. Ada Ogunleye,Unknown,Kano Care
D0504,Dr. Abdul Johnson,Dermatology,Port Harcourt Main
D0505,Dr. Fatima Johnson,Emergency Medicine,Lagos Central
D0506,Dr. Grace Ogunleye,Radiology,Lagos Central
D0507,Dr. Ngozi Johnson,Dermatology,Abuja North
D0508,Dr. Zainab Nwosu,Emergency Medicine,Lagos Central
D0509,Dr. Samuel Afolabi,Cardiology,Abuja North
D0510,Dr. Aisha Eze,Obstetrics,Port Harcourt Main
D0511,Dr. Aisha Musa,Cardiology,Lagos Central
D0512,Dr. David Johnson,Neurology,Lagos Central
D0513,Dr. Amaka Balogun,General Medicine,Unknown
D0514,Dr. Kemi Eze,Unknown,Port Harcourt Main
D0515,Dr. Daniel Usman,Emergency Medicine,Port Harcourt Main
D0516,Dr. Chinedu Sani,Emergency Medicine,Ibadan West
D0517,Dr. Hannah Abubakar,Orthopedics,Ibadan West
D0518,Dr. Ada Johnson,Unknown,Ibadan West
D0519,Dr. Victor Usman,Neurology,Abuja North
D0520,Dr. Yusuf Onyeka,General Medicine,Port Harcourt Main
D0521,Dr. Emeka Adewale,Neurology,Abuja North
D0522,Dr. Samuel Ogunleye,Emergency Medicine,Port Harcourt Main
D0523,Dr. Emeka Uche,Pediatrics,Enugu East
D0524,Dr. Chinedu Ojo,Cardiology,Abuja North
D0525,Dr. Fatima Musa,Cardiology,Port Harcourt Main
D0526,Dr. John Adeyemi,Radiology,Abuja North
D0527,Dr. Tolu Chukwu,Cardiology,Lagos Central
D0528,Dr. Amaka Sani,Obstetrics,Abuja North
D0529,Dr. Daniel Abubakar,Orthopedics,Unknown
D0530,Dr. Amaka Ogunleye,Emergency Medicine,Abuja North
D0531,Dr. Ada Balogun,Cardiology,Port Harcourt Main
D0532,Dr. Abdul Chukwu,Cardiology,Unknown
D0533,Dr. Esther Adewale,Dermatology,Port Harcourt Main
D1505,Dr. Bola Adewale,Cardiology,Abuja North
D0535,Dr. David Eze,Unknown,Abuja North
D0536,Dr. Ngozi Eze,Dermatology,Port Harcourt Main
D0537,Dr. Sarah Nwosu,Obstetrics,Unknown
D0538,Dr. Esther Ibrahim,Cardiology,Port Harcourt Main
D0539,Dr. Fatima Ogunleye,General Medicine,Unknown
D0540,Dr. Hannah Sani,Orthopedics,Enugu East
D0541,Dr. Tunde Chukwu,General Medicine,Ibadan West
D0542,Dr. Grace Ogunleye,Unknown,Port Harcourt Main
D0543,Dr. Mary Usman,Family Medicine,Abuja North
D0544,Dr. Daniel Ibrahim,Emergency Medicine,Abuja North
D0545,Dr. Fatima Adewale,Unknown,Unknown
D0546,Dr. Tolu Usman,Cardiology,Port Harcourt Main
D0547,Dr. Bola Ojo,General Medicine,Lagos Central
D0548,Dr. Sarah Ibrahim,Dermatology,Kano Care
D0549,Dr. Ibrahim Okafor,Orthopedics,Port Harcourt Main
D0550,Dr. Peter Abubakar,Family Medicine,Unknown
D0551,Dr. Emeka Johnson,Unknown,Lagos Central
D0552,Dr. Ibrahim Musa,Dermatology,Kano Care
D0553,Dr. Michael Johnson,Obstetrics,Unknown
D0554,Dr. Tolu Nwosu,General Medicine,Lagos Central
D0555,Dr. Abdul Nwosu,Orthopedics,Abuja North
D0556,Dr. Amaka Afolabi,Radiology,Kano Care
D0557,Dr. Victor Ogunleye,Family Medicine,Abuja North
D0558,Dr. Zainab Afolabi,Cardiology,Abuja North
D0559,Dr. Tolu Adeyemi,Dermatology,Unknown
D0560,Dr. Musa Onyeka,Orthopedics,Kano Care
D0561,Dr. Victor Bello,Pediatrics,Lagos Central
D0562,Dr. Emeka Usman,Orthopedics,Lagos Central
D0563,Dr. Blessing Bello,Obstetrics,Unknown
D0564,Dr. Sarah Chukwu,General Medicine,Ibadan West
D0565,Dr. Daniel Ojo,Neurology,Kano Care
D0566,Dr. Sarah Ogunleye,Dermatology,Lagos Central
D0567,Dr. Ada Nwosu,Unknown,Port Harcourt Main
D0568,Dr. Hannah Nwosu,Orthopedics,Port Harcourt Main
D0569,Dr. John Nwosu,Family Medicine,Lagos Central
D0570,Dr. Amaka Uche,Cardiology,Abuja North
D0571,Dr. Mercy Garba,Cardiology,Lagos Central
D0572,Dr. Mercy Uche,Dermatology,Unknown
D0573,Dr. David Okafor,Obstetrics,Unknown
D0574,Dr. Ada Eze,Radiology,Enugu East
D0575,Dr. Michael Ojo,Cardiology,Lagos Central
D0576,Dr. Peter Ojo,Pediatrics,Port Harcourt Main
D1506,Dr. Ngozi Abubakar,General Medicine,Abuja North
D0578,Dr. Abdul Garba,Cardiology,Unknown
D0579,Dr. Tunde Onyeka,Family Medicine,Port Harcourt Main
D0580,Dr. Ibrahim Afolabi,General Medicine,Unknown
D0581,Dr. Tolu Adewale,General Medicine,Abuja North
D0582,Dr. Mercy Adeyemi,Cardiology,Ibadan West
D0583,Dr. John Ogunleye,Emergency Medicine,Abuja North
D0584,Dr. Yusuf Abubakar,Pediatrics,Enugu East
D0585,Dr. Esther Ogunleye,Unknown,Enugu East
D0586,Dr. Zainab Adeyemi,Orthopedics,Abuja North
D0587,Dr. Yusuf Adewale,Cardiology,Lagos Central
D0588,Dr. Mary Adewale,Pediatrics,Abuja North
D0589,Dr. Yusuf Nwosu,Obstetrics,Abuja North
D0590,Dr. Mary Okafor,Pediatrics,Unknown
D0591,Dr. Amaka Balogun,Family Medicine,Ibadan West
D0592,Dr. Emeka Adeyemi,Pediatrics,Ibadan West
D0593,Dr. Musa Chukwu,Pediatrics,Enugu East
D0594,Dr. Peter Ojo,Family Medicine,Lagos Central
D0595,Dr. Ada Ibrahim,Cardiology,Port Harcourt Main
D0596,Dr. Zainab Usman,Orthopedics,Kano Care
D0597,Dr. Michael Adeyemi,Family Medicine,Abuja North
D0598,Dr. Samuel Eze,Cardiology,Ibadan West
D0599,Dr. Esther Bello,Unknown,Port Harcourt Main
D0600,Dr. Amaka Eze,Emergency Medicine,Unknown
D0601,Dr. Sarah Eze,Neurology,Port Harcourt Main
D0602,Dr. Chinedu Abubakar,Unknown,Port Harcourt Main
D0603,Dr. Tunde Ibrahim,General Medicine,Lagos Central
D0604,Dr. Daniel Musa,Orthopedics,Unknown
D0605,Dr. Bola Adewale,Emergency Medicine,Port Harcourt Main
D0606,Dr. Samuel Onyeka,Unknown,Abuja North
D0607,Dr. Kemi Nwosu,Orthopedics,Unknown
D0608,Dr. Bola Afolabi,Family Medicine,Enugu East
D0609,Dr. Zainab Adeyemi,Obstetrics,Unknown
D0610,Dr. Aisha Musa,Family Medicine,Enugu East
D0611,Dr. Daniel Afolabi,Orthopedics,Lagos Central
D0612,Dr. Hannah Onyeka,Dermatology,Lagos Central
D0613,Dr. Emeka Nwosu,Pediatrics,Lagos Central
D0614,Dr. Tolu Onyeka,Unknown,Unknown
D0615,Dr. Ada Ibrahim,Orthopedics,Unknown
D0616,Dr. Zainab Balogun,General Medicine,Port Harcourt Main
D0617,Dr. Aisha Ojo,Family Medicine,Unknown
D0618,Dr. Victor Adeyemi,Unknown,Port Harcourt Main
D0619,Dr. Sarah Adeyemi,Orthopedics,Abuja North
D0620,Dr. Kemi Balogun,Orthopedics,Port Harcourt Main
D0621,Dr. John Usman,Cardiology,Lagos Central
D0622,Dr. Zainab Sani,Orthopedics,Unknown
D0623,Dr. Fatima Garba,Emergency Medicine,Lagos Central
D0624,Dr. Mary Afolabi,Orthopedics,Kano Care
D0625,Dr. Zainab Usman,Cardiology,Ibadan West
D0626,Dr. Grace Bello,Cardiology,Ibadan West
D0627,Dr. Aisha Adeyemi,Obstetrics,Ibadan West
D0628,Dr. Yusuf Adewale,Dermatology,Abuja North
D0629,Dr. Mercy Garba,General Medicine,Lagos Central
D0630,Dr. Kemi Nwosu,General Medicine,Enugu East
D0631,Dr. Musa Ojo,Orthopedics,Kano Care
D0632,Dr. Kemi Johnson,Dermatology,Enugu East
D0633,Dr. Aisha Nwosu,Orthopedics,Kano Care
D0634,Dr. Kemi Chukwu,Unknown,Ibadan West
D0635,Dr. Ibrahim Bello,Radiology,Unknown
D0636,Dr. Musa Chukwu,Pediatrics,Unknown
D0637,Dr. Fatima Ibrahim,Pediatrics,Lagos Central
D0638,Dr. Hannah Sani,Obstetrics,Unknown
D0639,Dr. Chinedu Adeyemi,Cardiology,Port Harcourt Main
D0640,Dr. Zainab Nwosu,Orthopedics,Enugu East
D0641,Dr. Abdul Afolabi,Dermatology,Unknown
D0642,Dr. Victor Uche,Dermatology,Port Harcourt Main
D0643,Dr. Samuel Usman,Family Medicine,Unknown
D0644,Dr. Amaka Usman,Neurology,Unknown
D0645,Dr. Chinedu Afolabi,Family Medicine,Port Harcourt Main
D0646,Dr. Zainab Garba,Dermatology,Abuja North
D0647,Dr. Sarah Chukwu,Unknown,Unknown
D0648,Dr. Ada Sani,Cardiology,Abuja North
D0649,Dr. Yusuf Adewale,Unknown,Abuja North
D0650,Dr. Victor Okafor,General Medicine,Unknown
D0651,Dr. Ngozi Johnson,Radiology,Port Harcourt Main
D0652,Dr. Abdul Chukwu,Orthopedics,Abuja North
D0653,Dr. Michael Onyeka,Cardiology,Unknown
D0654,Dr. Samuel Onyeka,Pediatrics,Port Harcourt Main
D0655,Dr. Yusuf Balogun,Emergency Medicine,Lagos Central
D0656,Dr. Bola Eze,Dermatology,Lagos Central
D0657,Dr. Ibrahim Usman,Obstetrics,Unknown
D0658,Dr. Chinedu Onyeka,Orthopedics,Kano Care
D0659,Dr. Chinedu Johnson,General Medicine,Ibadan West
D0660,Dr. Abdul Adeyemi,Emergency Medicine,Lagos Central
D0661,Dr. Fatima Okafor,General Medicine,Enugu East
D0662,Dr. Ngozi Sani,Family Medicine,Abuja North
D0663,Dr. Abdul Nwosu,Cardiology,Port Harcourt Main
D0664,Dr. Peter Balogun,Radiology,Enugu East
D0665,Dr. Mary Ojo,General Medicine,Unknown
D0666,Dr. Chinedu Abubakar,Unknown,Lagos Central
D0667,Dr. Ngozi Uche,Orthopedics,Lagos Central
D0668,Dr. David Nwosu,Family Medicine,Ibadan West
D0669,Dr. Aisha Adewale,General Medicine,Abuja North
D0670,Dr. Amaka Musa,Neurology,Ibadan West
D0671,Dr. Abdul Ibrahim,Obstetrics,Port Harcourt Main
D0672,Dr. Michael Ojo,Obstetrics,Abuja North
D0673,Dr. Zainab Onyeka,Orthopedics,Lagos Central
D0674,Dr. Aisha Chukwu,Cardiology,Abuja North
D0675,Dr. Fatima Ibrahim,Dermatology,Kano Care
D0676,Dr. Daniel Musa,Pediatrics,Lagos Central
D0677,Dr. Zainab Musa,Obstetrics,Unknown
D0678,Dr. Chinedu Uche,Orthopedics,Unknown
D0679,Dr. Samuel Eze,Cardiology,Port Harcourt Main
D0680,Dr. Aisha Onyeka,Dermatology,Ibadan West
D0681,Dr. Peter Nwosu,Obstetrics,Unknown
D0682,Dr. Fatima Uche,Neurology,Abuja North
D0683,Dr. Victor Adeyemi,General Medicine,Port Harcourt Main
D0684,Dr. Grace Balogun,Unknown,Ibadan West
D0685,Dr. Chinedu Uche,Orthopedics,Unknown
D0686,Dr. Ngozi Sani,Obstetrics,Abuja North
D0687,Dr. Hannah Musa,Dermatology,Port Harcourt Main
D0688,Dr. Daniel Onyeka,Cardiology,Enugu East
D0689,Dr. Daniel Bello,Neurology,Abuja North
D0690,Dr. Mercy Bello,Neurology,Port Harcourt Main
D0691,Dr. Mary Afolabi,General Medicine,Unknown
D1507,Dr. Aisha Okafor,Emergency Medicine,Kano Care
D0693,Dr. Chinedu Afolabi,Radiology,Lagos Central
D0694,Dr. Samuel Balogun,Neurology,Unknown
D0695,Dr. Mercy Usman,Emergency Medicine,Port Harcourt Main
D0696,Dr. Grace Adewale,Orthopedics,Unknown
D0697,Dr. David Eze,Orthopedics,Lagos Central
D0698,Dr. Bola Garba,Neurology,Abuja North
D0699,Dr. Musa Okafor,Unknown,Abuja North
D0700,Dr. Hannah Adeyemi,Unknown,Abuja North
D0701,Dr. Mary Sani,Radiology,Port Harcourt Main
D0702,Dr. Michael Onyeka,General Medicine,Lagos Central
D0703,Dr. Sarah Okafor,Dermatology,Ibadan West
D0704,Dr. Esther Johnson,Dermatology,Unknown
D0705,Dr. Amaka Chukwu,Family Medicine,Lagos Central
D0706,Dr. Kemi Adeyemi,Unknown,Port Harcourt Main
D0707,Dr. Tolu Balogun,General Medicine,Ibadan West
D0708,Dr. Blessing Nwosu,Radiology,Ibadan West
D0709,Dr. Grace Balogun,Cardiology,Unknown
D0710,Dr. Mercy Usman,Unknown,Kano Care
D0711,Dr. Yusuf Bello,Dermatology,Ibadan West
D0712,Dr. Ibrahim Musa,Unknown,Ibadan West
D0713,Dr. Ibrahim Bello,Unknown,Enugu East
D0714,Dr. Tunde Ojo,Pediatrics,Enugu East
D0715,Dr. Bola Uche,Dermatology,Enugu East
D0716,Dr. Mercy Usman,Obstetrics,Ibadan West
D0717,Dr. Daniel Ibrahim,Pediatrics,Kano Care
D0718,Dr. Musa Nwosu,Pediatrics,Lagos Central
D0719,Dr. Sarah Eze,Orthopedics,Enugu East
D0720,Dr. Aisha Nwosu,Unknown,Unknown
D0721,Dr. Esther Onyeka,Radiology,Abuja North
D0722,Dr. Esther Johnson,Pediatrics,Lagos Central
D0723,Dr. Mary Nwosu,Orthopedics,Lagos Central
D0724,Dr. Blessing Ogunleye,Unknown,Lagos Central
D0725,Dr. Tolu Bello,Unknown,Port Harcourt Main
D0726,Dr. Grace Uche,Dermatology,Lagos Central
D0727,Dr. Victor Ogunleye,Orthopedics,Kano Care
D0728,Dr. Peter Ogunleye,Neurology,Unknown
D0729,Dr. Esther Onyeka,Family Medicine,Unknown
D0730,Dr. Emeka Johnson,General Medicine,Abuja North
D0731,Dr. Mercy Usman,General Medicine,Ibadan West
D0732,Dr. Victor Okafor,Orthopedics,Port Harcourt Main
D0733,Dr. Hannah Ogunleye,Family Medicine,Abuja North
D0734,Dr. Emeka Chukwu,General Medicine,Lagos Central
D0735,Dr. Daniel Garba,Family Medicine,Lagos Central
D0736,Dr. Zainab Afolabi,Family Medicine,Port Harcourt Main
D0737,Dr. Fatima Usman,General Medicine,Unknown
D0738,Dr. Sarah Balogun,Dermatology,Port Harcourt Main
D0739,Dr. Grace Onyeka,General Medicine,Port Harcourt Main
D0740,Dr. Ibrahim Ibrahim,General Medicine,Unknown
D0741,Dr. Zainab Eze,Neurology,Lagos Central
D0742,Dr. Emeka Uche,Orthopedics,Ibadan West
D0743,Dr. Mercy Johnson,Neurology,Abuja North
D0744,Dr. Fatima Balogun,Dermatology,Port Harcourt Main
D0745,Dr. Yusuf Sani,Unknown,Lagos Central
D0746,Dr. Ada Nwosu,Radiology,Unknown
D0747,Dr. Abdul Abubakar,Emergency Medicine,Lagos Central
D0748,Dr. Zainab Afolabi,Cardiology,Abuja North
D0749,Dr. Hannah Balogun,Pediatrics,Abuja North
D0750,Dr. Tolu Okafor,Unknown,Lagos Central
D0751,Dr. Grace Garba,Pediatrics,Port Harcourt Main
D0752,Dr. Bola Garba,Neurology,Kano Care
D0753,Dr. Samuel Sani,Emergency Medicine,Lagos Central
D0754,Dr. Michael Abubakar,Cardiology,Abuja North
D0755,Dr. Musa Usman,General Medicine,Lagos Central
D0756,Dr. Mercy Bello,Family Medicine,Kano Care
D0757,Dr. Mary Adeyemi,Obstetrics,Unknown
D0758,Dr. Fatima Musa,General Medicine,Abuja North
D0759,Dr. Emeka Uche,Emergency Medicine,Abuja North
D0760,Dr. Zainab Uche,Orthopedics,Unknown
D0761,Dr. Yusuf Ogunleye,Unknown,Unknown
D0762,Dr. Mercy Abubakar,General Medicine,Abuja North
D0763,Dr. Michael Eze,General Medicine,Abuja North
D0764,Dr. Emeka Ogunleye,Cardiology,Port Harcourt Main
D0765,Dr. John Adewale,Obstetrics,Unknown
D0766,Dr. Tunde Onyeka,Pediatrics,Ibadan West
D0767,Dr. Fatima Afolabi,Radiology,Unknown
D0768,Dr. Aisha Balogun,Neurology,Abuja North
D0769,Dr. Grace Ojo,Obstetrics,Abuja North
D0770,Dr. Tolu Sani,Unknown,Port Harcourt Main
D0771,Dr. Mary Musa,Cardiology,Unknown
D0772,Dr. John Abubakar,Orthopedics,Abuja North
D0773,Dr. Esther Ibrahim,General Medicine,Lagos Central
D0774,Dr. Bola Adewale,Pediatrics,Abuja North
D0775,Dr. Emeka Ibrahim,Radiology,Port Harcourt Main
D0776,Dr. Blessing Balogun,Emergency Medicine,Ibadan West
D0777,Dr. Mercy Garba,Unknown,Abuja North
D0778,Dr. Kemi Bello,Unknown,Kano Care
D0779,Dr. Zainab Sani,Orthopedics,Unknown
D0780,Dr. Mary Adeyemi,Orthopedics,Abuja North
D0781,Dr. David Adeyemi,Cardiology,Kano Care
D0782,Dr. Mary Okafor,Unknown,Lagos Central
D0783,Dr. Ngozi Adeyemi,Radiology,Kano Care
D0784,Dr. Esther Uche,Neurology,Ibadan West
D0785,Dr. Grace Musa,General Medicine,Lagos Central
D0786,Dr. Kemi Sani,Radiology,Port Harcourt Main
D0787,Dr. Samuel Bello,Orthopedics,Unknown
D0788,Dr. Ada Onyeka,Orthopedics,Lagos Central
D0789,Dr. Grace Onyeka,Cardiology,Port Harcourt Main
D0790,Dr. Aisha Abubakar,Dermatology,Abuja North
D0791,Dr. Sarah Onyeka,Neurology,Port Harcourt Main
D0792,Dr. Peter Ogunleye,Pediatrics,Abuja North
D0793,Dr. Abdul Adewale,Pediatrics,Lagos Central
D0794,Dr. Daniel Garba,Dermatology,Abuja North
D0795,Dr. Mercy Adeyemi,Orthopedics,Unknown
D0796,Dr. John Eze,General Medicine,Ibadan West
D0797,Dr. Musa Afolabi,Neurology,Lagos Central
D0798,Dr. Daniel Abubakar,Neurology,Port Harcourt Main
D0799,Dr. Mary Sani,Pediatrics,Abuja North
D0800,Dr. Abdul Ibrahim,General Medicine,Kano Care
D0801,Dr. Abdul Adewale,Radiology,Abuja North
D0802,Dr. Victor Garba,Pediatrics,Lagos Central
D0803,Dr. Abdul Ibrahim,General Medicine,Enugu East
D0804,Dr. John Garba,General Medicine,Port Harcourt Main
D0805,Dr. Tolu Balogun,Unknown,Abuja North
D0806,Dr. Mary Abubakar,Unknown,Kano Care
D0807,Dr. Zainab Chukwu,Cardiology,Lagos Central
D0808,Dr. Tolu Abubakar,Orthopedics,Lagos Central
D0809,Dr. Samuel Balogun,General Medicine,Port Harcourt Main
D0810,Dr. Fatima Ibrahim,General Medicine,Abuja North
D0811,Dr. Amaka Eze,Orthopedics,Unknown
D0812,Dr. Victor Chukwu,Orthopedics,Port Harcourt Main
D0813,Dr. Grace Uche,Obstetrics,Port Harcourt Main
D0814,Dr. John Onyeka,Neurology,Abuja North
D0815,Dr. Yusuf Ogunleye,Dermatology,Ibadan West
D0816,Dr. Ngozi Afolabi,Pediatrics,Unknown
D0817,Dr. Victor Okafor,Neurology,Kano Care
D0818,Dr. Mary Afolabi,Pediatrics,Unknown
D0819,Dr. Amaka Nwosu,Unknown,Abuja North
D0820,Dr. Ada Bello,Pediatrics,Kano Care
D0821,Dr. Tolu Onyeka,Orthopedics,Unknown
D0822,Dr. Zainab Garba,Radiology,Unknown
D0823,Dr. Abdul Bello,Emergency Medicine,Lagos Central
D0824,Dr. Daniel Sani,Family Medicine,Port Harcourt Main
D0825,Dr. Abdul Bello,Unknown,Abuja North
D0826,Dr. Sarah Okafor,Dermatology,Kano Care
D0827,Dr. Yusuf Ibrahim,Unknown,Lagos Central
D0828,Dr. Daniel Chukwu,Pediatrics,Unknown
D0829,Dr. Ngozi Ibrahim,Pediatrics,Lagos Central
D0830,Dr. Tunde Ojo,Orthopedics,Abuja North
D0831,Dr. Daniel Usman,Pediatrics,Abuja North
D0832,Dr. Ngozi Chukwu,Cardiology,Port Harcourt Main
D0833,Dr. Peter Johnson,General Medicine,Kano Care
D0834,Dr. Bola Onyeka,Family Medicine,Abuja North
D0835,Dr. Musa Eze,Orthopedics,Enugu East
D0836,Dr. Ngozi Ogunleye,Cardiology,Unknown
D0837,Dr. Hannah Onyeka,Neurology,Port Harcourt Main
D0838,Dr. Samuel Garba,Unknown,Ibadan West
D0839,Dr. Kemi Garba,Orthopedics,Port Harcourt Main
D0840,Dr. Victor Sani,Radiology,Ibadan West
D0841,Dr. Esther Ibrahim,General Medicine,Port Harcourt Main
D0842,Dr. Bola Nwosu,Obstetrics,Unknown
D0843,Dr. Musa Afolabi,Radiology,Unknown
D0844,Dr. Mercy Garba,Pediatrics,Kano Care
D0845,Dr. Tolu Balogun,Orthopedics,Ibadan West
D0846,Dr. Sarah Adeyemi,Pediatrics,Unknown
D0847,Dr. Kemi Johnson,Pediatrics,Port Harcourt Main
D0848,Dr. Ada Adeyemi,Orthopedics,Lagos Central
D0849,Dr. Grace Johnson,General Medicine,Ibadan West
D0850,Dr. Yusuf Abubakar,General Medicine,Lagos Central
D0851,Dr. Esther Eze,Dermatology,Lagos Central
D0852,Dr. Zainab Ogunleye,Cardiology,Abuja North
D0853,Dr. Samuel Johnson,Pediatrics,Ibadan West
D0854,Dr. Samuel Ibrahim,Dermatology,Ibadan West
D0855,Dr. Emeka Eze,Unknown,Port Harcourt Main
D0856,Dr. Zainab Eze,Radiology,Enugu East
D0857,Dr. Daniel Okafor,Emergency Medicine,Enugu East
D0858,Dr. Kemi Musa,Family Medicine,Ibadan West
D0859,Dr. Samuel Balogun,Pediatrics,Abuja North
D0860,Dr. Tunde Chukwu,Emergency Medicine,Kano Care
D0861,Dr. Sarah Ibrahim,Family Medicine,Port Harcourt Main
D0862,Dr. Michael Bello,Family Medicine,Port Harcourt Main
D0863,Dr. Ngozi Balogun,Unknown,Abuja North
D0864,Dr. Peter Onyeka,Dermatology,Abuja North
D0865,Dr. Hannah Usman,Unknown,Unknown
D0866,Dr. Victor Eze,Pediatrics,Kano Care
D0867,Dr. Grace Uche,Unknown,Abuja North
D0868,Dr. Grace Nwosu,Radiology,Enugu East
D0869,Dr. Chinedu Sani,Unknown,Enugu East
D0870,Dr. Michael Uche,Cardiology,Ibadan West
D0871,Dr. Ngozi Adewale,General Medicine,Abuja North
D0872,Dr. Samuel Onyeka,Pediatrics,Port Harcourt Main
D0873,Dr. Fatima Nwosu,Neurology,Unknown
D0874,Dr. Peter Abubakar,Orthopedics,Port Harcourt Main
D0875,Dr. Grace Nwosu,Radiology,Abuja North
D0876,Dr. John Garba,Emergency Medicine,Lagos Central
D0877,Dr. Blessing Abubakar,Pediatrics,Port Harcourt Main
D0878,Dr. Blessing Ogunleye,Pediatrics,Kano Care
D0879,Dr. Esther Usman,Dermatology,Unknown
D0880,Dr. Emeka Musa,Pediatrics,Unknown
D0881,Dr. Esther Usman,Orthopedics,Kano Care
D0882,Dr. Victor Musa,Orthopedics,Abuja North
D0883,Dr. Musa Ojo,Cardiology,Lagos Central
D0884,Dr. Ibrahim Adewale,Emergency Medicine,Abuja North
D0885,Dr. Aisha Onyeka,Dermatology,Abuja North
D0886,Dr. Peter Eze,Orthopedics,Ibadan West
D0887,Dr. Aisha Usman,Emergency Medicine,Lagos Central
D0888,Dr. Grace Ojo,Dermatology,Port Harcourt Main
D0889,Dr. Fatima Johnson,Neurology,Lagos Central
D0890,Dr. Tolu Afolabi,Emergency Medicine,Unknown
D0891,Dr. Tolu Balogun,Cardiology,Abuja North
D0892,Dr. Victor Afolabi,Orthopedics,Port Harcourt Main
D0893,Dr. Peter Nwosu,Cardiology,Unknown
D0894,Dr. Aisha Balogun,Emergency Medicine,Port Harcourt Main
D0895,Dr. Samuel Afolabi,Unknown,Ibadan West
D0896,Dr. Yusuf Ojo,Dermatology,Abuja North
D0897,Dr. Bola Onyeka,Neurology,Port Harcourt Main
D0898,Dr. Bola Ibrahim,Emergency Medicine,Abuja North
D0899,Dr. Ibrahim Ojo,Radiology,Abuja North
D0900,Dr. Bola Sani,Obstetrics,Lagos Central
D0901,Dr. Ibrahim Ibrahim,Unknown,Unknown
D0902,Dr. Yusuf Sani,Radiology,Lagos Central
D0903,Dr. Daniel Usman,Family Medicine,Unknown
D0904,Dr. Tunde Okafor,Radiology,Unknown
D0905,Dr. Samuel Adeyemi,General Medicine,Kano Care
D0906,Dr. Yusuf Abubakar,Obstetrics,Enugu East
D0907,Dr. Mercy Usman,Orthopedics,Port Harcourt Main
D0908,Dr. Kemi Adeyemi,Pediatrics,Lagos Central
D0909,Dr. Bola Adewale,Dermatology,Ibadan West
D0910,Dr. Kemi Balogun,Pediatrics,Lagos Central
D0911,Dr. Hannah Ojo,Pediatrics,Port Harcourt Main
D0912,Dr. Aisha Okafor,Family Medicine,Port Harcourt Main
D0913,Dr. Emeka Eze,Pediatrics,Kano Care
D0914,Dr. Yusuf Balogun,Unknown,Lagos Central
D0915,Dr. Peter Johnson,Cardiology,Unknown
D0916,Dr. Blessing Okafor,Obstetrics,Enugu East
D0917,Dr. Emeka Onyeka,Neurology,Kano Care
D0918,Dr. Esther Abubakar,Orthopedics,Unknown
D0919,Dr. Ibrahim Okafor,Dermatology,Unknown
D0920,Dr. Hannah Onyeka,General Medicine,Abuja North
D0921,Dr. Peter Abubakar,Emergency Medicine,Port Harcourt Main
D0922,Dr. Mercy Onyeka,Orthopedics,Enugu East
D0923,Dr. Aisha Eze,General Medicine,Port Harcourt Main
D0924,Dr. Yusuf Balogun,Cardiology,Abuja North
D0925,Dr. Abdul Ojo,Neurology,Port Harcourt Main
D0926,Dr. Ngozi Ojo,Neurology,Unknown
D0927,Dr. Samuel Uche,Dermatology,Enugu East
D0928,Dr. Peter Eze,Pediatrics,Abuja North
D0929,Dr. Samuel Uche,Cardiology,Port Harcourt Main
D0930,Dr. Mary Abubakar,General Medicine,Kano Care
D1508,Dr. Mary Chukwu,Emergency Medicine,Abuja North
D0932,Dr. Ibrahim Uche,Orthopedics,Kano Care
D0933,Dr. David Usman,General Medicine,Abuja North
D0934,Dr. Peter Ibrahim,General Medicine,Abuja North
D0935,Dr. Bola Ogunleye,Unknown,Lagos Central
D0936,Dr. Bola Abubakar,Family Medicine,Lagos Central
D0937,Dr. Aisha Balogun,Dermatology,Port Harcourt Main
D0938,Dr. John Nwosu,Cardiology,Port Harcourt Main
D0939,Dr. John Afolabi,Radiology,Kano Care
D0940,Dr. Peter Usman,Unknown,Unknown
D0941,Dr. Amaka Garba,Orthopedics,Port Harcourt Main
D0942,Dr. Musa Eze,Cardiology,Unknown
D0943,Dr. Peter Ogunleye,Unknown,Lagos Central
D0944,Dr. Blessing Musa,Pediatrics,Abuja North
D0945,Dr. Aisha Afolabi,Obstetrics,Ibadan West
D0946,Dr. Yusuf Abubakar,Cardiology,Kano Care
D0947,Dr. Blessing Bello,Family Medicine,Ibadan West
D0948,Dr. Zainab Usman,Neurology,Unknown
D0949,Dr. John Sani,Pediatrics,Ibadan West
D0950,Dr. Amaka Adeyemi,Neurology,Unknown
D0951,Dr. Hannah Bello,Obstetrics,Lagos Central
D0952,Dr. Amaka Usman,Orthopedics,Abuja North
D0953,Dr. Daniel Abubakar,General Medicine,Abuja North
D0954,Dr. Emeka Balogun,Family Medicine,Enugu East
D0955,Dr. Victor Okafor,Unknown,Abuja North
D0956,Dr. Victor Ibrahim,Emergency Medicine,Ibadan West
D0957,Dr. Kemi Musa,Cardiology,Port Harcourt Main
D0958,Dr. Emeka Sani,General Medicine,Enugu East
D0959,Dr. Chinedu Abubakar,Orthopedics,Ibadan West
D0960,Dr. Bola Abubakar,Pediatrics,Ibadan West
D0961,Dr. Kemi Bello,Unknown,Enugu East
D0962,Dr. Ibrahim Adewale,Orthopedics,Lagos Central
D0963,Dr. Samuel Adewale,Dermatology,Lagos Central
D0964,Dr. Emeka Chukwu,Dermatology,Enugu East
D0965,Dr. Esther Musa,Family Medicine,Kano Care
D0966,Dr. Yusuf Garba,Neurology,Abuja North
D0967,Dr. Hannah Usman,Obstetrics,Kano Care
D0968,Dr. Abdul Johnson,Orthopedics,Ibadan West
D0969,Dr. Mary Eze,Cardiology,Lagos Central
D0970,Dr. Sarah Ibrahim,Neurology,Enugu East
D0971,Dr. Grace Okafor,Cardiology,Port Harcourt Main
D0972,Dr. Victor Ogunleye,Dermatology,Port Harcourt Main
D0973,Dr. Kemi Adeyemi,Emergency Medicine,Port Harcourt Main
D0974,Dr. Michael Adeyemi,Pediatrics,Unknown
D0975,Dr. Abdul Uche,Family Medicine,Unknown
D0976,Dr. Kemi Bello,General Medicine,Unknown
D0977,Dr. Sarah Bello,Emergency Medicine,Enugu East
D0978,Dr. Yusuf Afolabi,Family Medicine,Kano Care
D0979,Dr. Zainab Nwosu,Orthopedics,Ibadan West
D1509,Dr. Yusuf Uche,Emergency Medicine,Abuja North
D0981,Dr. Kemi Eze,Orthopedics,Port Harcourt Main
D0982,Dr. Emeka Ojo,General Medicine,Kano Care
D0983,Dr. Amaka Adewale,Unknown,Unknown
D0984,Dr. Amaka Ojo,Cardiology,Lagos Central
D0985,Dr. Tunde Balogun,Cardiology,Unknown
D0986,Dr. Abdul Abubakar,Orthopedics,Unknown
D0987,Dr. Ibrahim Okafor,Unknown,Lagos Central
D0988,Dr. Mary Balogun,Orthopedics,Abuja North
D0989,Dr. Peter Okafor,Unknown,Ibadan West
D0990,Dr. Samuel Usman,Obstetrics,Abuja North
D0991,Dr. Zainab Musa,Family Medicine,Lagos Central
D0992,Dr. Ada Ojo,Orthopedics,Unknown
D0993,Dr. Ada Bello,Emergency Medicine,Enugu East
D0994,Dr. Amaka Ibrahim,Unknown,Enugu East
D0995,Dr. Blessing Eze,Radiology,Port Harcourt Main
D0996,Dr. Michael Adeyemi,Unknown,Unknown
D0997,Dr. Peter Garba,Pediatrics,Enugu East
D0998,Dr. Abdul Okafor,Pediatrics,Port Harcourt Main
D0999,Dr. Hannah Garba,Cardiology,Abuja North
D1000,Dr. Tunde Ibrahim,Dermatology,Unknown
D1001,Dr. Zainab Bello,Dermatology,Port Harcourt Main
D1002,Dr. Sarah Balogun,Obstetrics,Lagos Central
D1003,Dr. Hannah Abubakar,Dermatology,Unknown
D1004,Dr. John Ibrahim,Cardiology,Enugu East
D1005,Dr. Tunde Usman,Pediatrics,Ibadan West
D1006,Dr. Chinedu Uche,Radiology,Port Harcourt Main
D1007,Dr. David Nwosu,Pediatrics,Port Harcourt Main
D1008,Dr. David Onyeka,Pediatrics,Abuja North
D1009,Dr. Sarah Johnson,Orthopedics,Unknown
D1010,Dr. Bola Usman,Orthopedics,Kano Care
D1011,Dr. Tolu Afolabi,Family Medicine,Port Harcourt Main
D1012,Dr. Amaka Uche,Unknown,Unknown
D1013,Dr. Victor Usman,Pediatrics,Unknown
D1014,Dr. Zainab Abubakar,Neurology,Abuja North
D1015,Dr. Esther Okafor,Radiology,Lagos Central
D1016,Dr. Sarah Eze,Cardiology,Unknown
D1017,Dr. Ada Bello,Orthopedics,Ibadan West
D1018,Dr. John Musa,Family Medicine,Lagos Central
D1019,Dr. Sarah Adewale,Pediatrics,Ibadan West
D1020,Dr. Tunde Sani,Unknown,Lagos Central
D1021,Dr. Fatima Chukwu,General Medicine,Port Harcourt Main
D1022,Dr. Kemi Onyeka,Pediatrics,Lagos Central
D1023,Dr. Zainab Johnson,General Medicine,Lagos Central
D1024,Dr. Chinedu Onyeka,Radiology,Unknown
D1025,Dr. Ada Onyeka,Cardiology,Lagos Central
D1026,Dr. Victor Balogun,Unknown,Kano Care
D1510,Dr. Mercy Bello,Family Medicine,Lagos Central
D1028,Dr. Yusuf Okafor,Neurology,Abuja North
D1029,Dr. Chinedu Adewale,Orthopedics,Kano Care
D1030,Dr. Michael Garba,Orthopedics,Kano Care
D1031,Dr. Ngozi Afolabi,General Medicine,Port Harcourt Main
D1032,Dr. Abdul Abubakar,Dermatology,Abuja North
D1033,Dr. Tunde Adeyemi,Orthopedics,Lagos Central
D1511,Dr. Fatima Adeyemi,Dermatology,Unknown
D1035,Dr. Bola Uche,Dermatology,Port Harcourt Main
D1036,Dr. Abdul Bello,Radiology,Unknown
D1037,Dr. Abdul Bello,Dermatology,Unknown
D1038,Dr. Hannah Eze,Pediatrics,Abuja North
D1039,Dr. Amaka Sani,Radiology,Unknown
D1040,Dr. Emeka Usman,Obstetrics,Lagos Central
D1041,Dr. Esther Sani,Neurology,Port Harcourt Main
D1042,Dr. Aisha Abubakar,General Medicine,Unknown
D1043,Dr. Musa Nwosu,Radiology,Ibadan West
D1044,Dr. Abdul Ojo,Neurology,Unknown
D1045,Dr. Abdul Sani,General Medicine,Ibadan West
D1046,Dr. Amaka Onyeka,Radiology,Unknown
D1047,Dr. Ada Musa,Orthopedics,Kano Care
D1048,Dr. Ada Ibrahim,Orthopedics,Enugu East
D1049,Dr. Zainab Chukwu,General Medicine,Lagos Central
D1050,Dr. Yusuf Abubakar,Pediatrics,Port Harcourt Main
D1051,Dr. Daniel Adeyemi,Pediatrics,Port Harcourt Main
D1052,Dr. Bola Afolabi,Family Medicine,Unknown
D1053,Dr. Blessing Adeyemi,Unknown,Enugu East
D1054,Dr. Grace Sani,Obstetrics,Port Harcourt Main
D1055,Dr. Musa Eze,Pediatrics,Enugu East
D1056,Dr. Tunde Nwosu,Orthopedics,Abuja North
D1057,Dr. Zainab Nwosu,Obstetrics,Lagos Central
D1058,Dr. Ada Bello,Cardiology,Abuja North
D1059,Dr. Zainab Onyeka,Neurology,Port Harcourt Main
D1060,Dr. Bola Afolabi,General Medicine,Unknown
D1061,Dr. Samuel Uche,General Medicine,Port Harcourt Main
D1062,Dr. Sarah Balogun,Emergency Medicine,Unknown
D1063,Dr. Michael Balogun,Emergency Medicine,Enugu East
D1064,Dr. Daniel Ojo,Dermatology,Lagos Central
D1065,Dr. Aisha Abubakar,Dermatology,Enugu East
D1066,Dr. Esther Ibrahim,Cardiology,Unknown
D1067,Dr. Ngozi Bello,Cardiology,Lagos Central
D1068,Dr. Ada Chukwu,Orthopedics,Ibadan West
D1069,Dr. Sarah Onyeka,Radiology,Lagos Central
D1070,Dr. Mercy Adewale,Family Medicine,Abuja North
D1071,Dr. David Chukwu,Pediatrics,Abuja North
D1072,Dr. Tolu Ibrahim,Dermatology,Lagos Central
D1073,Dr. Bola Garba,Cardiology,Abuja North
D1074,Dr. David Adewale,General Medicine,Ibadan West
D1075,Dr. Hannah Ogunleye,Dermatology,Abuja North
D1076,Dr. Grace Adewale,Dermatology,Lagos Central
D1077,Dr. Ngozi Ojo,Obstetrics,Abuja North
D1078,Dr. Grace Adewale,Orthopedics,Ibadan West
D1079,Dr. Blessing Nwosu,Pediatrics,Enugu East
D1512,Dr. Zainab Ojo,Dermatology,Unknown
D1081,Dr. Esther Adewale,General Medicine,Abuja North
D1082,Dr. Mercy Balogun,Radiology,Unknown
D1083,Dr. Zainab Ojo,General Medicine,Kano Care
D1084,Dr. Emeka Chukwu,Obstetrics,Abuja North
D1085,Dr. Emeka Nwosu,General Medicine,Unknown
D1086,Dr. Ada Ibrahim,Dermatology,Port Harcourt Main
D1087,Dr. Esther Adeyemi,Obstetrics,Unknown
D1088,Dr. Mary Onyeka,Unknown,Lagos Central
D1089,Dr. Tolu Musa,Neurology,Enugu East
D1090,Dr. Chinedu Musa,Neurology,Lagos Central
D1091,Dr. Yusuf Usman,Emergency Medicine,Abuja North
D1092,Dr. Michael Garba,Cardiology,Unknown
D1093,Dr. Ibrahim Garba,General Medicine,Abuja North
D1094,Dr. Michael Balogun,General Medicine,Unknown
D1095,Dr. Mercy Chukwu,General Medicine,Lagos Central
D1096,Dr. John Bello,Cardiology,Lagos Central
D1097,Dr. Daniel Ogunleye,General Medicine,Kano Care
D1098,Dr. Emeka Chukwu,Obstetrics,Unknown
D1099,Dr. Blessing Ojo,Pediatrics,Unknown
D1100,Dr. Fatima Uche,Cardiology,Port Harcourt Main
D1101,Dr. Victor Nwosu,Dermatology,Unknown
D1102,Dr. Musa Ibrahim,Pediatrics,Abuja North
D1103,Dr. Aisha Garba,Dermatology,Ibadan West
D1104,Dr. John Onyeka,Emergency Medicine,Unknown
D1105,Dr. Mercy Eze,Pediatrics,Abuja North
D1106,Dr. Aisha Uche,Radiology,Enugu East
D1107,Dr. Victor Balogun,General Medicine,Unknown
D1108,Dr. Blessing Eze,Family Medicine,Abuja North
D1109,Dr. Yusuf Eze,Orthopedics,Unknown
D1110,Dr. Victor Uche,Obstetrics,Port Harcourt Main
D1111,Dr. Fatima Adeyemi,Orthopedics,Unknown
D1112,Dr. Zainab Chukwu,Dermatology,Lagos Central
D1113,Dr. Esther Afolabi,Unknown,Unknown
D1114,Dr. Ibrahim Bello,Family Medicine,Lagos Central
D1115,Dr. Esther Ogunleye,Unknown,Port Harcourt Main
D1116,Dr. Chinedu Adeyemi,Family Medicine,Unknown
D1117,Dr. Bola Ogunleye,Dermatology,Port Harcourt Main
D1118,Dr. Chinedu Usman,Radiology,Unknown
D1119,Dr. Victor Chukwu,Neurology,Lagos Central
D1120,Dr. Michael Afolabi,Neurology,Lagos Central
D1121,Dr. Amaka Musa,Family Medicine,Port Harcourt Main
D1122,Dr. Aisha Adeyemi,Obstetrics,Ibadan West
D1123,Dr. Yusuf Musa,Unknown,Port Harcourt Main
D1124,Dr. Zainab Okafor,Orthopedics,Lagos Central
D1125,Dr. Yusuf Chukwu,Orthopedics,Unknown
D1126,Dr. Tolu Adeyemi,Cardiology,Ibadan West
D1127,Dr. Mary Johnson,Orthopedics,Enugu East
D1128,Dr. Mercy Chukwu,Cardiology,Port Harcourt Main
D1129,Dr. Victor Eze,General Medicine,Ibadan West
D1130,Dr. Zainab Adewale,Unknown,Port Harcourt Main
D1131,Dr. Amaka Musa,Neurology,Kano Care
D1132,Dr. Michael Sani,Neurology,Lagos Central
D1133,Dr. Ibrahim Ibrahim,Orthopedics,Abuja North
D1134,Dr. Chinedu Afolabi,Dermatology,Abuja North
D1135,Dr. Samuel Onyeka,Family Medicine,Enugu East
D1136,Dr. Fatima Chukwu,Neurology,Enugu East
D1137,Dr. Daniel Balogun,Family Medicine,Unknown
D1138,Dr. Mercy Garba,General Medicine,Port Harcourt Main
D1139,Dr. Ada Usman,Cardiology,Abuja North
D1140,Dr. Yusuf Garba,Dermatology,Abuja North
D1141,Dr. Yusuf Musa,Dermatology,Abuja North
D1142,Dr. Peter Abubakar,Cardiology,Abuja North
D1143,Dr. Ibrahim Chukwu,Dermatology,Abuja North
D1144,Dr. Mary Onyeka,Dermatology,Port Harcourt Main
D1145,Dr. John Sani,Unknown,Ibadan West
D1146,Dr. Aisha Uche,Dermatology,Enugu East
D1147,Dr. Bola Okafor,Unknown,Enugu East
D1148,Dr. Musa Usman,Family Medicine,Enugu East
D1149,Dr. Emeka Ogunleye,Radiology,Port Harcourt Main
D1150,Dr. Sarah Johnson,Cardiology,Port Harcourt Main
D1151,Dr. Samuel Ibrahim,General Medicine,Abuja North
D1152,Dr. Ibrahim Ibrahim,Unknown,Unknown
D1153,Dr. David Afolabi,General Medicine,Unknown
D1154,Dr. Chinedu Eze,Orthopedics,Abuja North
D1155,Dr. Aisha Afolabi,Unknown,Unknown
D1156,Dr. Emeka Eze,Unknown,Unknown
D1157,Dr. Emeka Uche,Emergency Medicine,Abuja North
D1158,Dr. Zainab Eze,Radiology,Unknown
D1159,Dr. Amaka Adewale,Cardiology,Unknown
D1160,Dr. Samuel Ojo,Orthopedics,Port Harcourt Main
D1161,Dr. Zainab Garba,Radiology,Abuja North
D1162,Dr. Mercy Sani,Emergency Medicine,Abuja North
D1163,Dr. Michael Eze,Obstetrics,Port Harcourt Main
D1164,Dr. Musa Adewale,Pediatrics,Port Harcourt Main
D1165,Dr. Kemi Abubakar,Emergency Medicine,Abuja North
D1166,Dr. Hannah Garba,General Medicine,Enugu East
D1167,Dr. Samuel Bello,Neurology,Enugu East
D1168,Dr. Tolu Garba,Obstetrics,Abuja North
D1169,Dr. Samuel Adewale,Obstetrics,Enugu East
D1170,Dr. Emeka Abubakar,Neurology,Port Harcourt Main
D1171,Dr. David Usman,General Medicine,Unknown
D1513,Dr. Blessing Sani,Orthopedics,Unknown
D1173,Dr. Yusuf Adeyemi,Cardiology,Abuja North
D1174,Dr. Tunde Usman,Unknown,Unknown
D1175,Dr. Bola Usman,Pediatrics,Ibadan West
D1176,Dr. David Onyeka,Dermatology,Port Harcourt Main
D1177,Dr. Ngozi Adeyemi,General Medicine,Lagos Central
D1178,Dr. Blessing Ogunleye,Pediatrics,Lagos Central
D1179,Dr. Abdul Garba,Neurology,Ibadan West
D1180,Dr. John Uche,Cardiology,Port Harcourt Main
D1181,Dr. Daniel Eze,Family Medicine,Lagos Central
D1182,Dr. Daniel Ogunleye,Pediatrics,Lagos Central
D1183,Dr. Chinedu Abubakar,Family Medicine,Lagos Central
D1184,Dr. Mary Musa,Pediatrics,Port Harcourt Main
D1185,Dr. Musa Adewale,Radiology,Lagos Central
D1186,Dr. Blessing Sani,Family Medicine,Unknown
D1187,Dr. Amaka Balogun,Pediatrics,Lagos Central
D1188,Dr. Mercy Abubakar,Obstetrics,Unknown
D1189,Dr. Mary Abubakar,Cardiology,Abuja North
D1190,Dr. Emeka Usman,Pediatrics,Lagos Central
D1191,Dr. Grace Johnson,Cardiology,Enugu East
D1192,Dr. Blessing Bello,General Medicine,Port Harcourt Main
D1193,Dr. Esther Ibrahim,Pediatrics,Port Harcourt Main
D1194,Dr. Grace Uche,Dermatology,Unknown
D1195,Dr. John Garba,Dermatology,Abuja North
D1196,Dr. Mary Afolabi,Dermatology,Lagos Central
D1197,Dr. Ada Okafor,Pediatrics,Lagos Central
D1198,Dr. Blessing Usman,Dermatology,Abuja North
D1199,Dr. Samuel Sani,Radiology,Port Harcourt Main
D1200,Dr. Yusuf Sani,Pediatrics,Port Harcourt Main
D1201,Dr. Peter Balogun,General Medicine,Lagos Central
D1202,Dr. Emeka Ojo,Family Medicine,Enugu East
D1203,Dr. Amaka Abubakar,Orthopedics,Abuja North
D1204,Dr. Zainab Onyeka,Neurology,Unknown
D1205,Dr. Samuel Johnson,Unknown,Unknown
D1206,Dr. Chinedu Onyeka,Emergency Medicine,Lagos Central
D1207,Dr. Daniel Bello,General Medicine,Unknown
D1208,Dr. Daniel Eze,Cardiology,Lagos Central
D1209,Dr. Grace Abubakar,General Medicine,Enugu East
D1210,Dr. Esther Adewale,Dermatology,Abuja North
D1211,Dr. Tunde Nwosu,Obstetrics,Ibadan West
D1212,Dr. Abdul Ogunleye,Unknown,Abuja North
D1213,Dr. Samuel Chukwu,General Medicine,Enugu East
D1214,Dr. Samuel Bello,Neurology,Kano Care
D1215,Dr. Michael Uche,General Medicine,Port Harcourt Main
D1216,Dr. Musa Adeyemi,Neurology,Lagos Central
D1217,Dr. Musa Uche,Cardiology,Port Harcourt Main
D1218,Dr. Tunde Chukwu,General Medicine,Abuja North
D1219,Dr. Yusuf Eze,Dermatology,Port Harcourt Main
D1220,Dr. Ibrahim Okafor,Cardiology,Abuja North
D1221,Dr. Ada Abubakar,Orthopedics,Kano Care
D1222,Dr. Ada Sani,Family Medicine,Ibadan West
D1223,Dr. Mary Abubakar,Neurology,Enugu East
D1224,Dr. Mary Eze,Pediatrics,Port Harcourt Main
D1225,Dr. Mercy Abubakar,Unknown,Kano Care
D1226,Dr. Blessing Okafor,Obstetrics,Abuja North
D1227,Dr. Esther Afolabi,Radiology,Unknown
D1228,Dr. Sarah Uche,Cardiology,Port Harcourt Main
D1229,Dr. John Ogunleye,General Medicine,Port Harcourt Main
D1230,Dr. Zainab Nwosu,Family Medicine,Port Harcourt Main
D1231,Dr. Zainab Abubakar,Cardiology,Port Harcourt Main
D1232,Dr. Ibrahim Adewale,Cardiology,Kano Care
D1233,Dr. Hannah Garba,Dermatology,Enugu East
D1234,Dr. Sarah Adewale,Dermatology,Port Harcourt Main
D1235,Dr. David Ogunleye,Neurology,Abuja North
D1236,Dr. Mary Sani,Emergency Medicine,Kano Care
D1237,Dr. Samuel Ojo,Obstetrics,Unknown
D1238,Dr. Tunde Bello,Unknown,Kano Care
D1239,Dr. Ngozi Adewale,Emergency Medicine,Enugu East
D1240,Dr. Emeka Garba,Unknown,Kano Care
D1241,Dr. Hannah Garba,Unknown,Ibadan West
D1242,Dr. Amaka Balogun,Pediatrics,Lagos Central
D1243,Dr. Emeka Adewale,Obstetrics,Lagos Central
D1244,Dr. Emeka Okafor,Unknown,Kano Care
D1514,Dr. Tunde Johnson,Dermatology,Port Harcourt Main
D1246,Dr. John Ogunleye,Radiology,Port Harcourt Main
D1247,Dr. Esther Johnson,Orthopedics,Port Harcourt Main
D1248,Dr. Abdul Uche,General Medicine,Kano Care
D1249,Dr. Chinedu Uche,Cardiology,Abuja North
D1250,Dr. Emeka Adewale,General Medicine,Abuja North
D1251,Dr. Daniel Onyeka,Dermatology,Lagos Central
D1252,Dr. Tolu Balogun,Cardiology,Ibadan West
D1253,Dr. Abdul Musa,Pediatrics,Abuja North
D1254,Dr. Musa Bello,Orthopedics,Kano Care
D1255,Dr. Yusuf Adeyemi,General Medicine,Ibadan West
D1256,Dr. Amaka Afolabi,Neurology,Unknown
D1257,Dr. Yusuf Garba,Obstetrics,Lagos Central
D1258,Dr. Chinedu Sani,Cardiology,Ibadan West
D1259,Dr. Victor Onyeka,Pediatrics,Lagos Central
D1260,Dr. Musa Adeyemi,Radiology,Port Harcourt Main
D1261,Dr. Victor Adeyemi,Obstetrics,Kano Care
D1262,Dr. Bola Adewale,Emergency Medicine,Unknown
D1263,Dr. Mercy Sani,Family Medicine,Abuja North
D1264,Dr. Ibrahim Nwosu,Radiology,Unknown
D1265,Dr. Ngozi Chukwu,Cardiology,Kano Care
D1266,Dr. Michael Uche,Cardiology,Unknown
D1267,Dr. Zainab Chukwu,Family Medicine,Enugu East
D1268,Dr. Yusuf Afolabi,General Medicine,Unknown
D1269,Dr. Amaka Chukwu,Pediatrics,Abuja North
D1270,Dr. Michael Okafor,Emergency Medicine,Lagos Central
D1271,Dr. Ibrahim Ojo,Pediatrics,Port Harcourt Main
D1272,Dr. Peter Uche,Cardiology,Port Harcourt Main
D1273,Dr. Ngozi Adewale,Dermatology,Unknown
D1274,Dr. Amaka Ibrahim,Emergency Medicine,Ibadan West
D1275,Dr. Mary Ojo,Neurology,Abuja North
D1276,Dr. Peter Garba,Unknown,Abuja North
D1277,Dr. Abdul Chukwu,Dermatology,Unknown
D1278,Dr. Sarah Musa,Unknown,Abuja North
D1279,Dr. Grace Abubakar,Family Medicine,Abuja North
D1280,Dr. Tunde Okafor,General Medicine,Abuja North
D1281,Dr. Tolu Usman,Dermatology,Port Harcourt Main
D1282,Dr. Emeka Ibrahim,Neurology,Port Harcourt Main
D1283,Dr. Yusuf Bello,Orthopedics,Unknown
D1284,Dr. Yusuf Musa,Unknown,Port Harcourt Main
D1285,Dr. Victor Adeyemi,Neurology,Kano Care
D1286,Dr. Sarah Uche,Pediatrics,Lagos Central
D1287,Dr. Esther Garba,Cardiology,Unknown
D1288,Dr. Tolu Ibrahim,Radiology,Abuja North
D1289,Dr. Bola Abubakar,Emergency Medicine,Ibadan West
D1290,Dr. Daniel Usman,Unknown,Enugu East
D1291,Dr. Kemi Uche,Unknown,Lagos Central
D1292,Dr. Amaka Musa,Emergency Medicine,Kano Care
D1293,Dr. Tolu Musa,Family Medicine,Lagos Central
D1294,Dr. John Okafor,Emergency Medicine,Lagos Central
D1295,Dr. Mercy Chukwu,Cardiology,Port Harcourt Main
D1296,Dr. Fatima Musa,Dermatology,Kano Care
D1297,Dr. Michael Okafor,Unknown,Port Harcourt Main
D1298,Dr. Sarah Usman,Neurology,Port Harcourt Main
D1299,Dr. Ada Adeyemi,General Medicine,Kano Care
D1300,Dr. David Chukwu,Emergency Medicine,Kano Care
D1301,Dr. Sarah Ojo,Orthopedics,Enugu East
D1302,Dr. Tunde Sani,Radiology,Lagos Central
D1303,Dr. Zainab Ibrahim,Orthopedics,Enugu East
D1304,Dr. Musa Chukwu,Obstetrics,Unknown
D1305,Dr. Amaka Bello,General Medicine,Ibadan West
D1306,Dr. Sarah Johnson,Cardiology,Lagos Central
D1307,Dr. Bola Ojo,General Medicine,Ibadan West
D1515,Dr. Bola Afolabi,Dermatology,Abuja North
D1309,Dr. Blessing Abubakar,Emergency Medicine,Lagos Central
D1310,Dr. Hannah Eze,Cardiology,Lagos Central
D1311,Dr. Blessing Musa,Dermatology,Lagos Central
D1312,Dr. Abdul Afolabi,Orthopedics,Enugu East
D1313,Dr. David Ojo,General Medicine,Abuja North
D1314,Dr. Tunde Johnson,Orthopedics,Abuja North
D1315,Dr. Daniel Usman,General Medicine,Lagos Central
D1316,Dr. Zainab Balogun,Orthopedics,Port Harcourt Main
D1317,Dr. Sarah Sani,Family Medicine,Ibadan West
D1318,Dr. Musa Adeyemi,Unknown,Lagos Central
D1319,Dr. Daniel Afolabi,Neurology,Abuja North
D1320,Dr. Mary Johnson,Family Medicine,Ibadan West
D1321,Dr. Aisha Afolabi,Obstetrics,Unknown
D1322,Dr. Aisha Ibrahim,Dermatology,Kano Care
D1323,Dr. Peter Ojo,Dermatology,Lagos Central
D1324,Dr. Yusuf Balogun,Orthopedics,Port Harcourt Main
D1325,Dr. Grace Okafor,Dermatology,Unknown
D1326,Dr. John Afolabi,Dermatology,Enugu East
D1327,Dr. Bola Onyeka,Neurology,Lagos Central
D1328,Dr. Hannah Bello,General Medicine,Unknown
D1329,Dr. Ngozi Ojo,Orthopedics,Port Harcourt Main
D1330,Dr. Mercy Okafor,Dermatology,Lagos Central
D1331,Dr. Daniel Usman,General Medicine,Kano Care
D1332,Dr. Esther Adewale,Neurology,Kano Care
D1333,Dr. Grace Musa,Dermatology,Unknown
D1334,Dr. Samuel Abubakar,Neurology,Port Harcourt Main
D1335,Dr. Ada Usman,Orthopedics,Port Harcourt Main
D1336,Dr. Abdul Adewale,Pediatrics,Ibadan West
D1337,Dr. Musa Okafor,Orthopedics,Ibadan West
D1338,Dr. Grace Musa,Orthopedics,Port Harcourt Main
D1339,Dr. Michael Adeyemi,Cardiology,Enugu East
D1340,Dr. Yusuf Onyeka,Dermatology,Enugu East
D1341,Dr. Tunde Adewale,Cardiology,Unknown
D1516,Dr. Kemi Ojo,Neurology,Unknown
D1343,Dr. Kemi Okafor,Unknown,Kano Care
D1344,Dr. Blessing Bello,Radiology,Enugu East
D1345,Dr. Hannah Uche,Dermatology,Unknown
D1346,Dr. Grace Ibrahim,Orthopedics,Lagos Central
D1347,Dr. Fatima Ibrahim,Cardiology,Lagos Central
D1348,Dr. Esther Eze,Cardiology,Abuja North
D1349,Dr. Kemi Bello,Orthopedics,Enugu East
D1350,Dr. Aisha Uche,Unknown,Kano Care
D1351,Dr. Sarah Ibrahim,Neurology,Abuja North
D1352,Dr. Mercy Ogunleye,Emergency Medicine,Enugu East
D1353,Dr. Musa Adewale,Unknown,Lagos Central
D1354,Dr. Bola Eze,Emergency Medicine,Lagos Central
D1355,Dr. Michael Bello,Pediatrics,Abuja North
D1356,Dr. Ibrahim Johnson,Dermatology,Enugu East
D1357,Dr. Fatima Johnson,Orthopedics,Unknown
D1358,Dr. Mercy Nwosu,Orthopedics,Lagos Central
D1359,Dr. Ada Garba,General Medicine,Abuja North
D1360,Dr. Samuel Garba,Neurology,Unknown
D1361,Dr. Ada Chukwu,Emergency Medicine,Lagos Central
D1362,Dr. Michael Adeyemi,Emergency Medicine,Ibadan West
D1363,Dr. Daniel Balogun,Dermatology,Port Harcourt Main
D1364,Dr. Peter Afolabi,Unknown,Unknown
D1365,Dr. Fatima Adewale,Unknown,Lagos Central
D1366,Dr. Ibrahim Garba,General Medicine,Enugu East
D1367,Dr. Ngozi Garba,Dermatology,Kano Care
D1368,Dr. John Ogunleye,General Medicine,Enugu East
D1369,Dr. Mary Adeyemi,Dermatology,Lagos Central
D1370,Dr. Ibrahim Afolabi,Obstetrics,Enugu East
D1371,Dr. Esther Garba,Dermatology,Unknown
D1372,Dr. Sarah Okafor,Dermatology,Ibadan West
D1373,Dr. Aisha Musa,Dermatology,Unknown
D1374,Dr. Blessing Usman,Orthopedics,Unknown
D1375,Dr. Aisha Eze,Family Medicine,Lagos Central
D1376,Dr. Daniel Usman,Orthopedics,Port Harcourt Main
D1377,Dr. Tunde Johnson,Cardiology,Unknown
D1378,Dr. Musa Ogunleye,Neurology,Lagos Central
D1379,Dr. Daniel Nwosu,Emergency Medicine,Unknown
D1380,Dr. Peter Ibrahim,Neurology,Lagos Central
D1381,Dr. John Uche,Obstetrics,Ibadan West
D1382,Dr. Aisha Nwosu,Cardiology,Lagos Central
D1383,Dr. Abdul Onyeka,Dermatology,Lagos Central
D1384,Dr. Emeka Onyeka,Unknown,Unknown
D1385,Dr. Tunde Ogunleye,Cardiology,Lagos Central
D1386,Dr. Blessing Abubakar,Pediatrics,Kano Care
D1387,Dr. Esther Musa,Cardiology,Lagos Central
D1388,Dr. Musa Afolabi,General Medicine,Ibadan West
D1389,Dr. Mercy Johnson,Obstetrics,Lagos Central
D1390,Dr. Amaka Johnson,Unknown,Lagos Central
D1391,Dr. Samuel Musa,Dermatology,Abuja North
D1392,Dr. Peter Ogunleye,Cardiology,Enugu East
D1393,Dr. Amaka Nwosu,Pediatrics,Abuja North
D1394,Dr. Musa Adewale,Unknown,Ibadan West
D1395,Dr. Sarah Abubakar,Cardiology,Port Harcourt Main
D1396,Dr. Fatima Onyeka,Emergency Medicine,Port Harcourt Main
D1397,Dr. Abdul Ojo,Cardiology,Unknown
D1398,Dr. Tolu Garba,Neurology,Lagos Central
D1399,Dr. Zainab Sani,Pediatrics,Unknown
D1400,Dr. Chinedu Eze,Dermatology,Port Harcourt Main
D1401,Dr. Daniel Usman,Orthopedics,Ibadan West
D1402,Dr. Zainab Adeyemi,Neurology,Abuja North
D1403,Dr. Ibrahim Abubakar,Dermatology,Port Harcourt Main
D1404,Dr. Chinedu Sani,Cardiology,Enugu East
D1405,Dr. Esther Ojo,Cardiology,Port Harcourt Main
D1406,Dr. Peter Johnson,General Medicine,Abuja North
D1407,Dr. Ngozi Chukwu,General Medicine,Lagos Central
D1408,Dr. David Uche,General Medicine,Port Harcourt Main
D1409,Dr. Ada Afolabi,Family Medicine,Kano Care
D1410,Dr. Daniel Abubakar,Radiology,Kano Care
D1411,Dr. Tunde Balogun,Pediatrics,Lagos Central
D1412,Dr. Ada Ogunleye,Obstetrics,Abuja North
D1413,Dr. Yusuf Garba,Dermatology,Abuja North
D1414,Dr. Ngozi Uche,Dermatology,Lagos Central
D1415,Dr. Esther Ojo,Emergency Medicine,Abuja North
D1416,Dr. Amaka Johnson,Dermatology,Abuja North
D1417,Dr. Abdul Okafor,Obstetrics,Port Harcourt Main
D1418,Dr. Samuel Abubakar,Neurology,Lagos Central
D1419,Dr. John Bello,Orthopedics,Abuja North
D1420,Dr. Bola Ojo,Cardiology,Unknown
D1421,Dr. Fatima Ogunleye,Family Medicine,Port Harcourt Main
D1422,Dr. David Ibrahim,Obstetrics,Unknown
D1423,Dr. David Johnson,Cardiology,Abuja North
D1424,Dr. Amaka Chukwu,Orthopedics,Abuja North
D1425,Dr. Samuel Onyeka,General Medicine,Lagos Central
D1426,Dr. Grace Musa,Unknown,Port Harcourt Main
D1427,Dr. Peter Onyeka,Dermatology,Kano Care
D1428,Dr. Musa Balogun,Cardiology,Ibadan West
D1429,Dr. Bola Afolabi,Obstetrics,Unknown
D1430,Dr. Yusuf Afolabi,Unknown,Port Harcourt Main
D1431,Dr. Yusuf Garba,Neurology,Lagos Central
D1432,Dr. Michael Balogun,Obstetrics,Enugu East
D1433,Dr. Abdul Garba,Family Medicine,Abuja North
D1434,Dr. Michael Ojo,Pediatrics,Unknown
D1435,Dr. Bola Abubakar,Neurology,Port Harcourt Main
D1436,Dr. Ibrahim Abubakar,Cardiology,Port Harcourt Main
D1437,Dr. Hannah Ibrahim,Pediatrics,Lagos Central
D1438,Dr. Bola Ojo,Family Medicine,Lagos Central
D1439,Dr. Ada Chukwu,Unknown,Unknown
D1440,Dr. Mercy Bello,Unknown,Lagos Central
D1441,Dr. Chinedu Usman,Pediatrics,Ibadan West
D1442,Dr. Ngozi Uche,Family Medicine,Unknown
D1443,Dr. Ibrahim Uche,Pediatrics,Abuja North
D1444,Dr. Bola Adeyemi,Orthopedics,Port Harcourt Main
D1445,Dr. Fatima Ibrahim,Cardiology,Abuja North
D1446,Dr. Victor Nwosu,Unknown,Abuja North
D1447,Dr. Sarah Usman,Radiology,Port Harcourt Main
D1448,Dr. Hannah Uche,Cardiology,Kano Care
D1449,Dr. Michael Uche,Unknown,Unknown
D1450,Dr. Daniel Uche,Unknown,Port Harcourt Main
D1451,Dr. Esther Johnson,Orthopedics,Lagos Central
D1452,Dr. Mary Adeyemi,Dermatology,Lagos Central
D1453,Dr. Mercy Adewale,Emergency Medicine,Port Harcourt Main
D1454,Dr. Musa Usman,Cardiology,Lagos Central
D1455,Dr. Grace Ibrahim,Unknown,Enugu East
D1456,Dr. Sarah Ibrahim,Cardiology,Unknown
D1457,Dr. Bola Afolabi,General Medicine,Unknown
D1517,Dr. Musa Adewale,Emergency Medicine,Unknown
D1459,Dr. Kemi Garba,Neurology,Kano Care
D1460,Dr. Grace Eze,Family Medicine,Unknown
D1461,Dr. Emeka Usman,Orthopedics,Unknown
D1462,Dr. Blessing Garba,Cardiology,Enugu East
D1463,Dr. Tunde Chukwu,Orthopedics,Port Harcourt Main
D1464,Dr. Ada Ibrahim,Radiology,Kano Care
D1465,Dr. Chinedu Abubakar,Dermatology,Abuja North
D1466,Dr. Kemi Chukwu,Unknown,Abuja North
D1467,Dr. Chinedu Nwosu,Orthopedics,Lagos Central
D1468,Dr. Mercy Ibrahim,Unknown,Enugu East
D1469,Dr. Mary Ogunleye,General Medicine,Kano Care
D1470,Dr. Bola Uche,Pediatrics,Kano Care
D1471,Dr. John Ojo,Pediatrics,Unknown
D1472,Dr. Peter Eze,General Medicine,Lagos Central
D1473,Dr. Aisha Uche,Unknown,Kano Care
D1474,Dr. Emeka Afolabi,Dermatology,Unknown
D1475,Dr. Michael Ojo,Emergency Medicine,Abuja North
D1476,Dr. David Bello,Neurology,Kano Care
D1477,Dr. Michael Abubakar,Dermatology,Port Harcourt Main
D1478,Dr. Abdul Abubakar,Cardiology,Ibadan West
D1479,Dr. David Onyeka,Pediatrics,Unknown
D1480,Dr. Kemi Johnson,General Medicine,Port Harcourt Main
D1481,Dr. Daniel Afolabi,General Medicine,Lagos Central
D1482,Dr. Amaka Adeyemi,Cardiology,Unknown
D1483,Dr. Amaka Eze,Obstetrics,Unknown
D1484,Dr. Victor Balogun,Pediatrics,Kano Care
D1485,Dr. Ada Usman,Pediatrics,Port Harcourt Main
D1486,Dr. Abdul Afolabi,Radiology,Unknown
D1487,Dr. Emeka Abubakar,Pediatrics,Port Harcourt Main
D1488,Dr. Ngozi Chukwu,Family Medicine,Kano Care
D1489,Dr. Fatima Uche,Cardiology,Unknown
D1490,Dr. Ibrahim Bello,General Medicine,Lagos Central
D1491,Dr. Peter Afolabi,General Medicine,Lagos Central
D1492,Dr. Esther Afolabi,Orthopedics,Abuja North
D1493,Dr. Mercy Okafor,Pediatrics,Lagos Central
D1494,Dr. Samuel Okafor,Orthopedics,Unknown
D1495,Dr. Mary Balogun,Unknown,Abuja North
D1496,Dr. Aisha Ogunleye,Cardiology,Ibadan West
D1497,Dr. Ngozi Ojo,Obstetrics,Unknown
D1498,Dr. Zainab Onyeka,Unknown,Unknown
D1499,Dr. Peter Eze,General Medicine,Unknown
D1500,Dr. Ada Adeyemi,Orthopedics,Abuja North
